IES Communications/Tempe, Ste 101 "
Impact Fire Services/Phoenix, Ste 612 "
Powerline Technologies/Phoenix,Chandler
"Southwest Integrated Solutions,"7124 W Frier Dr
Summit Fire Protection/Tempe,Tempe
Convergint Technologies/Little Rock, Ste F "
Triple S Alarm Company Inc,Little Rock
State Systems/Little Rock,North Little Rock
State Systems/Springdale,Lowell
Convergint Technologies/Los Angeles, Ste 120 "
Convergint Technologies/San Francisco, Ste 7 "
Everon/Los Angeles,Los Angeles
Everon/San Diego,San Diego
Everon/San Francisco,Fremont
Building Electronic Controls/Glendora,Glendora
HCI Systems/Ontario,Ontario
"Sabah International,5925 Stoneridge Dr 
"TRL Systems,9531 Milliken Ave 
AECO Systems Inc,HAYWARD
"AVF Systems,"4950 Fulton Dr
Bergelectric Corporation,Carlsbad
Building Electronic Controls/San Francisco,Glendora
C10 Fire Alarm,Auburn
Coastal Fire Alarm & Integration,Poway
"Cosco Fire Protection,4990 Greencraig Ln 
Dynalectric Company,El Cajon
"E & S Technologies,"826 N Victory Blvd
Enko Systems Inc,SAN BERNARDINO
"First Fire Systems,5947 BURCHARD AVE STE. 200 
"Global Fire Technologies,555 Arden Ave 
HCI Systems/Pleasanton,Pleasanton
"Hue & Cry,1751 Bruce Dr 
Integrated Communication Systems,San Jose
"Point One Electrical Systems,6751 Southfront Rd 
Quality Sound Division Of BI-JAMAR Inc,Stockton
Rex Moore Group/Fresno,Fresno
Rex Moore Group/Sacramento,Sacramento
Sacramento Control Systems Inc, Ste 3 "
SecureCom/Sacramento, Ste 5 "
United Systems Fire & Security/San Francisco,Hayward
Valley Fire and Security,Rancho Cordova
Control Systems/Denver, Ste J-K "
Convergint Technologies/Centennial, Ste 12K "
Everon/Denver,Denver
Meridian Fire & Security LLC,Colorado Springs
Summit Fire Protection/Denver,Centennial
Pye-Barker Fire & Safety/Arvada, Ste 50 "
"AlarmSpecialists,"6786 S Revere Pkwy
"Control Alarm,621 E Grand Ave 
"Total Fire & Security Colorado,80 Gateway Circle 
