Company,CEO/Contact Name,Domain
Sarasota Vacuum,CEO,sarasotavacuum.com
35th Avenue Sew & Vac,CEO,35thavesewandvac.com
Doug’s Vacuum,CEO,dougsvacuum.com
Affordable Sew & Vac,CEO,affordablesewvac.ca
Sayville Plumbing Supply,CEO,sayvilleplumbingsupply.com
Central Vacuum NB,CEO,grandfallshandyman.com
Aspirateur Dorion,CEO,aspirateurdorion.com
Cyclovac Wisconsin,CEO,cyclovacwi.com
The Vacuum Store,CEO,thevacuumstore.ca
Super Vacs,CEO,supervacs.ca
Metroguard Security,CEO,metroguardsecurity.ca
Modesto Vacuum and Sewing Center,CEO,modestovacuum.com
Smith Vacuum,CEO,smithvacuum.com
Anderson's Vacuum,CEO,andersonsvacuum.com
Albuquerque Sound & Vac,CEO,abqsoundandvac.com
Redmond Vacuum,CEO,redmondvac.com
Central Vac OKC,CEO,centralvacokc.com
AllVac Systems,CEO,allvacsystems.com
A Vacuum Store and Service,CEO,avacuum.ca
Plomberie Roy Alma Ltée,CEO,plomberieroy.com
