Company,CEO/Contact Name,Domain
Nelson-Jameson,CEO,nelsonjameson.com
Kogi Environmental Solutions,CEO,kogi-es.com
North Composites Engineering,CEO,northcompositesengineering.co.uk
Harold Engineering,CEO,haroldeng.ie
Airpower,CEO,airpower.ie
Sastrade,CEO,sastrade.si
Racmo Filter,CEO,racmofilter.it
Tektrade,CEO,tektrade.ee
ANV,CEO,anv.dk
AirVert,CEO,airvert.com.br
Vactech Sdn Bhd,CEO,vactech.com.my
Mitra Karyatama Industri,CEO,mitrakaryatama.com
Airvac Private Limited,CEO,airvac.com.sg
Astropack LLC,CEO,astropackgulf.com
Australian Industrial Vacuum,CEO,industrialvac.com.au
Oz Cleaning Gear,CEO,ozcleaninggear.com.au
Goscor Cleaning Equipment,CEO,goscorcleaning.co.za
Kogi Environmental Solutions,CEO,kogi-es.com
Shiv Technology,CEO,shivtechnology.co.in
Teejan Equipment,CEO,teejanequipment.com
