Company,CEO/Contact Name,Found Email,Source/Notes
Master Jaya,CEO,akwoo@masterjaya.com.my,Ir. A.K. Woo (MD); masterjaya.com.my
Erosystech,CEO,Not found,Errica de Guzman (President); sales@erosystech.com available; erosystech.com
PowerVac,CEO,Not found,Gavin Adams (MD); info@powervac.com.au available; powervac.com.au
Industrivac UK,CEO,Not found,Gemma Liffey / Tom Liffey; sales@industrivacuk.co.uk available; Companies House
Weidner Ireland,CEO,nigel@weidnerireland.com,Nigel Noone; weidnerireland.com
Star Technofit Trading LLC,CEO,ullas@startechnofit.com,Ullas Balaraj (GM); abc-gcc.net
Constromech FZCO,CEO,Not found,Mayur Porecha (MD); info@constromech.com available; constromech.com
Sedana Trading,CEO,Not found,info@sedana.com available; sedana.com
WebstaurantStore,CEO,dgroff@webstaurantstore.com,David Groff (President); webstaurantstore.com
