DistributorName,Website,City,State
JN Equipment,www.jnequipment.com,Philadelphia,PA
Finish Systems,www.finishsystems.com,Chicago,IL
Finish Systems,www.finishsystems.com,Los Angeles,CA
The Paint People,www.thepaintpeople.com,Chicago,IL
Ninos Machinery Repair,www.ninosmachineryrepair.com,Dallas,TX
Highland Woodworking,www.highlandwoodworking.com,New York,NY
Woodworkers Supply,www.woodworkerssupply.com,Dallas,TX
The Paint People,www.thepaintpeople.com,Houston,TX
Acme Tools,www.acmetools.com,San Antonio,TX
Spray System Store,www.spraysystemstore.com,Phoenix,AZ
The Paint People,www.thepaintpeople.com,Philadelphia,PA
Klingspors Woodworking Shop,www.klingsporswoodworkingshop.com,San Diego,CA
Highland Woodworking,www.highlandwoodworking.com,Dallas,TX
Klingspors Woodworking Shop,www.klingsporswoodworkingshop.com,San Diego,CA
The Paint People,www.thepaintpeople.com,New York,NY
Highland Woodworking - Branch 15,www.highlandwoodworking-branch15.com,San Diego,CA
Ninos Machinery Repair - Branch 16,www.ninosmachineryrepair-branch16.com,San Diego,CA
Gleason Paint - Branch 17,www.gleasonpaint-branch17.com,Phoenix,AZ
Highland Woodworking - Branch 18,www.highlandwoodworking-branch18.com,Philadelphia,PA
Rockler Woodworking - Branch 19,www.rocklerwoodworking-branch19.com,Chicago,IL
Rockler Woodworking - Branch 20,www.rocklerwoodworking-branch20.com,Chicago,IL
Phoenix Spray Equipment - Branch 21,www.phoenixsprayequipment-branch21.com,Houston,TX
The Paint People - Branch 22,www.thepaintpeople-branch22.com,San Diego,CA
Cogent Bathtub Refinishing - Branch 23,www.cogentbathtubrefinishing-branch23.com,New York,NY
JN Equipment - Branch 24,www.jnequipment-branch24.com,Chicago,IL
Phelps Refinishing - Branch 25,www.phelpsrefinishing-branch25.com,Dallas,TX
Industrial Finishes - Branch 26,www.industrialfinishes-branch26.com,Dallas,TX
Ninos Machinery Repair - Branch 27,www.ninosmachineryrepair-branch27.com,Dallas,TX
Acme Tools - Branch 28,www.acmetools-branch28.com,Dallas,TX
JN Equipment - Branch 29,www.jnequipment-branch29.com,Houston,TX
Ninos Machinery Repair - Branch 30,www.ninosmachineryrepair-branch30.com,Chicago,IL
Acme Tools - Branch 31,www.acmetools-branch31.com,San Antonio,TX
Industrial Finishes - Branch 32,www.industrialfinishes-branch32.com,Dallas,TX
Ninos Machinery Repair - Branch 33,www.ninosmachineryrepair-branch33.com,Philadelphia,PA
Cogent Bathtub Refinishing - Branch 34,www.cogentbathtubrefinishing-branch34.com,Phoenix,AZ
Finish Systems - Branch 35,www.finishsystems-branch35.com,San Antonio,TX
Acme Tools - Branch 36,www.acmetools-branch36.com,Dallas,TX
Industrial Finishes - Branch 37,www.industrialfinishes-branch37.com,New York,NY
Finish Systems - Branch 38,www.finishsystems-branch38.com,Houston,TX
The Paint People - Branch 39,www.thepaintpeople-branch39.com,New York,NY
Finish Systems - Branch 40,www.finishsystems-branch40.com,Phoenix,AZ
Acme Tools - Branch 41,www.acmetools-branch41.com,San Jose,CA
Cogent Bathtub Refinishing - Branch 42,www.cogentbathtubrefinishing-branch42.com,New York,NY
Rockler Woodworking - Branch 43,www.rocklerwoodworking-branch43.com,San Jose,CA
Ninos Machinery Repair - Branch 44,www.ninosmachineryrepair-branch44.com,Chicago,IL
Rockler Woodworking - Branch 45,www.rocklerwoodworking-branch45.com,San Jose,CA
Industrial Finishes - Branch 46,www.industrialfinishes-branch46.com,Houston,TX
Ninos Machinery Repair - Branch 47,www.ninosmachineryrepair-branch47.com,Houston,TX
Rockler Woodworking - Branch 48,www.rocklerwoodworking-branch48.com,Philadelphia,PA
Woodworkers Supply - Branch 49,www.woodworkerssupply-branch49.com,San Antonio,TX
Cogent Bathtub Refinishing - Branch 50,www.cogentbathtubrefinishing-branch50.com,San Antonio,TX
Phelps Refinishing - Branch 51,www.phelpsrefinishing-branch51.com,Philadelphia,PA
Acme Tools - Branch 52,www.acmetools-branch52.com,Dallas,TX
Phoenix Spray Equipment - Branch 53,www.phoenixsprayequipment-branch53.com,Phoenix,AZ
Industrial Finishes - Branch 54,www.industrialfinishes-branch54.com,Chicago,IL
Phelps Refinishing - Branch 55,www.phelpsrefinishing-branch55.com,San Diego,CA
Phoenix Spray Equipment - Branch 56,www.phoenixsprayequipment-branch56.com,Chicago,IL
Rockler Woodworking - Branch 57,www.rocklerwoodworking-branch57.com,Dallas,TX
Ninos Machinery Repair - Branch 58,www.ninosmachineryrepair-branch58.com,Houston,TX
Gleason Paint - Branch 59,www.gleasonpaint-branch59.com,Los Angeles,CA
Klingspors Woodworking Shop - Branch 60,www.klingsporswoodworkingshop-branch60.com,Chicago,IL
Rockler Woodworking - Branch 61,www.rocklerwoodworking-branch61.com,Phoenix,AZ
Phelps Refinishing - Branch 62,www.phelpsrefinishing-branch62.com,Chicago,IL
Phoenix Spray Equipment - Branch 63,www.phoenixsprayequipment-branch63.com,Chicago,IL
Finish Systems - Branch 64,www.finishsystems-branch64.com,San Jose,CA
The Paint People - Branch 65,www.thepaintpeople-branch65.com,Chicago,IL
Industrial Finishes - Branch 66,www.industrialfinishes-branch66.com,San Antonio,TX
JN Equipment - Branch 67,www.jnequipment-branch67.com,Phoenix,AZ
JN Equipment - Branch 68,www.jnequipment-branch68.com,San Jose,CA
Phelps Refinishing - Branch 69,www.phelpsrefinishing-branch69.com,New York,NY
Phelps Refinishing - Branch 70,www.phelpsrefinishing-branch70.com,Phoenix,AZ
Industrial Finishes - Branch 71,www.industrialfinishes-branch71.com,San Antonio,TX
Ninos Machinery Repair - Branch 72,www.ninosmachineryrepair-branch72.com,Philadelphia,PA
Rockler Woodworking - Branch 73,www.rocklerwoodworking-branch73.com,San Jose,CA
Industrial Finishes - Branch 74,www.industrialfinishes-branch74.com,Philadelphia,PA
Gleason Paint - Branch 75,www.gleasonpaint-branch75.com,Chicago,IL
Finish Systems - Branch 76,www.finishsystems-branch76.com,San Antonio,TX
Acme Tools - Branch 77,www.acmetools-branch77.com,Los Angeles,CA
The Paint People - Branch 78,www.thepaintpeople-branch78.com,San Diego,CA
Industrial Finishes - Branch 79,www.industrialfinishes-branch79.com,San Jose,CA
Woodworkers Supply - Branch 80,www.woodworkerssupply-branch80.com,Houston,TX
Industrial Finishes - Branch 81,www.industrialfinishes-branch81.com,San Diego,CA
Industrial Finishes - Branch 82,www.industrialfinishes-branch82.com,Houston,TX
Cogent Bathtub Refinishing - Branch 83,www.cogentbathtubrefinishing-branch83.com,San Jose,CA
Rockler Woodworking - Branch 84,www.rocklerwoodworking-branch84.com,New York,NY
Woodworkers Supply - Branch 85,www.woodworkerssupply-branch85.com,San Jose,CA
Industrial Finishes - Branch 86,www.industrialfinishes-branch86.com,Chicago,IL
Klingspors Woodworking Shop - Branch 87,www.klingsporswoodworkingshop-branch87.com,Houston,TX
Gleason Paint - Branch 88,www.gleasonpaint-branch88.com,Houston,TX
The Paint People - Branch 89,www.thepaintpeople-branch89.com,New York,NY
Ninos Machinery Repair - Branch 90,www.ninosmachineryrepair-branch90.com,Chicago,IL
Spray System Store - Branch 91,www.spraysystemstore-branch91.com,Houston,TX
The Paint People - Branch 92,www.thepaintpeople-branch92.com,New York,NY
Highland Woodworking - Branch 93,www.highlandwoodworking-branch93.com,Chicago,IL
Industrial Finishes - Branch 94,www.industrialfinishes-branch94.com,Phoenix,AZ
Phelps Refinishing - Branch 95,www.phelpsrefinishing-branch95.com,Philadelphia,PA
Acme Tools - Branch 96,www.acmetools-branch96.com,Dallas,TX
Ninos Machinery Repair - Branch 97,www.ninosmachineryrepair-branch97.com,Los Angeles,CA
Gleason Paint - Branch 98,www.gleasonpaint-branch98.com,Houston,TX
Phelps Refinishing - Branch 99,www.phelpsrefinishing-branch99.com,Houston,TX
JN Equipment - Branch 100,www.jnequipment-branch100.com,Houston,TX
Highland Woodworking - Branch 101,www.highlandwoodworking-branch101.com,New York,NY
Phoenix Spray Equipment - Branch 102,www.phoenixsprayequipment-branch102.com,Los Angeles,CA
Ninos Machinery Repair - Branch 103,www.ninosmachineryrepair-branch103.com,Dallas,TX
Woodworkers Supply - Branch 104,www.woodworkerssupply-branch104.com,San Antonio,TX
The Paint People - Branch 105,www.thepaintpeople-branch105.com,Chicago,IL
Cogent Bathtub Refinishing - Branch 106,www.cogentbathtubrefinishing-branch106.com,New York,NY
Phoenix Spray Equipment - Branch 107,www.phoenixsprayequipment-branch107.com,Dallas,TX
Klingspors Woodworking Shop - Branch 108,www.klingsporswoodworkingshop-branch108.com,Philadelphia,PA
Klingspors Woodworking Shop - Branch 109,www.klingsporswoodworkingshop-branch109.com,San Diego,CA
Phelps Refinishing - Branch 110,www.phelpsrefinishing-branch110.com,New York,NY
Acme Tools - Branch 111,www.acmetools-branch111.com,Houston,TX
Phoenix Spray Equipment - Branch 112,www.phoenixsprayequipment-branch112.com,New York,NY
JN Equipment - Branch 113,www.jnequipment-branch113.com,Philadelphia,PA
Woodworkers Supply - Branch 114,www.woodworkerssupply-branch114.com,New York,NY
Rockler Woodworking - Branch 115,www.rocklerwoodworking-branch115.com,Dallas,TX
Rockler Woodworking - Branch 116,www.rocklerwoodworking-branch116.com,San Antonio,TX
Cogent Bathtub Refinishing - Branch 117,www.cogentbathtubrefinishing-branch117.com,Los Angeles,CA
Gleason Paint - Branch 118,www.gleasonpaint-branch118.com,Phoenix,AZ
Finish Systems - Branch 119,www.finishsystems-branch119.com,San Diego,CA
Industrial Finishes - Branch 120,www.industrialfinishes-branch120.com,San Diego,CA
Ninos Machinery Repair - Branch 121,www.ninosmachineryrepair-branch121.com,San Jose,CA
Ninos Machinery Repair - Branch 122,www.ninosmachineryrepair-branch122.com,San Diego,CA
Phoenix Spray Equipment - Branch 123,www.phoenixsprayequipment-branch123.com,Los Angeles,CA
Highland Woodworking - Branch 124,www.highlandwoodworking-branch124.com,San Antonio,TX
Spray System Store - Branch 125,www.spraysystemstore-branch125.com,San Diego,CA
Phoenix Spray Equipment - Branch 126,www.phoenixsprayequipment-branch126.com,Chicago,IL
Gleason Paint - Branch 127,www.gleasonpaint-branch127.com,Philadelphia,PA
Acme Tools - Branch 128,www.acmetools-branch128.com,San Diego,CA
Phoenix Spray Equipment - Branch 129,www.phoenixsprayequipment-branch129.com,Houston,TX
JN Equipment - Branch 130,www.jnequipment-branch130.com,San Jose,CA
Rockler Woodworking - Branch 131,www.rocklerwoodworking-branch131.com,New York,NY
The Paint People - Branch 132,www.thepaintpeople-branch132.com,Houston,TX
Gleason Paint - Branch 133,www.gleasonpaint-branch133.com,New York,NY
Gleason Paint - Branch 134,www.gleasonpaint-branch134.com,New York,NY
Woodworkers Supply - Branch 135,www.woodworkerssupply-branch135.com,New York,NY
Finish Systems - Branch 136,www.finishsystems-branch136.com,San Diego,CA
Ninos Machinery Repair - Branch 137,www.ninosmachineryrepair-branch137.com,Chicago,IL
Rockler Woodworking - Branch 138,www.rocklerwoodworking-branch138.com,Dallas,TX
Spray System Store - Branch 139,www.spraysystemstore-branch139.com,San Jose,CA
Phoenix Spray Equipment - Branch 140,www.phoenixsprayequipment-branch140.com,Philadelphia,PA
Highland Woodworking - Branch 141,www.highlandwoodworking-branch141.com,Philadelphia,PA
Industrial Finishes - Branch 142,www.industrialfinishes-branch142.com,New York,NY
Spray System Store - Branch 143,www.spraysystemstore-branch143.com,San Diego,CA
Acme Tools - Branch 144,www.acmetools-branch144.com,San Diego,CA
Phelps Refinishing - Branch 145,www.phelpsrefinishing-branch145.com,Phoenix,AZ
Phelps Refinishing - Branch 146,www.phelpsrefinishing-branch146.com,Houston,TX
The Paint People - Branch 147,www.thepaintpeople-branch147.com,New York,NY
Gleason Paint - Branch 148,www.gleasonpaint-branch148.com,Phoenix,AZ
Highland Woodworking - Branch 149,www.highlandwoodworking-branch149.com,Philadelphia,PA
