Contact Name,Company Name,Email Address,Source/Brand
,Powerline Technologies/Phoenix,davidj@plti.tech,Carrier Edwards
,Summit Fire Protection/Tempe,error-lite@duckduckgo.com,Carrier Edwards
,Convergint Technologies/Little Rock,error-lite@duckduckgo.com,Carrier Edwards
,Triple S Alarm Company Inc,error-lite@duckduckgo.com,Carrier Edwards
,State Systems/Little Rock,error-lite@duckduckgo.com,Carrier Edwards
,State Systems/Springdale,error-lite@duckduckgo.com,Carrier Edwards
,Convergint Technologies/Los Angeles,error-lite@duckduckgo.com,Carrier Edwards
,Convergint Technologies/San Francisco,error-lite@duckduckgo.com,Carrier Edwards
,Everon/Los Angeles,error-lite@duckduckgo.com,Carrier Edwards
,Everon/San Diego,error-lite@duckduckgo.com,Carrier Edwards
,Everon/San Francisco,error-lite@duckduckgo.com,Carrier Edwards
,Building Electronic Controls/Glendora,error-lite@duckduckgo.com,Carrier Edwards
,HCI Systems/Ontario,error-lite@duckduckgo.com,Carrier Edwards
,"Sabah International, a Division of Sciens Building Solutions",error-lite@duckduckgo.com,Carrier Edwards
,"TRL Systems, Inc",error-lite@duckduckgo.com,Carrier Edwards
,AECO Systems Inc,error-lite@duckduckgo.com,Carrier Edwards
,"AVF Systems, Inc",error-lite@duckduckgo.com,Carrier Edwards
,Bergelectric Corporation,error-lite@duckduckgo.com,Carrier Edwards
,Building Electronic Controls/San Francisco,error-lite@duckduckgo.com,Carrier Edwards
,C10 Fire Alarm,error-lite@duckduckgo.com,Carrier Edwards
,Coastal Fire Alarm & Integration,error-lite@duckduckgo.com,Carrier Edwards
,"Cosco Fire Protection, Inc",error-lite@duckduckgo.com,Carrier Edwards
,Dynalectric Company,error-lite@duckduckgo.com,Carrier Edwards
,"E & S Technologies, Inc",error-lite@duckduckgo.com,Carrier Edwards
,Enko Systems Inc,error-lite@duckduckgo.com,Carrier Edwards
,"First Fire Systems, Inc",error-lite@duckduckgo.com,Carrier Edwards
,"Global Fire Technologies, Inc",error-lite@duckduckgo.com,Carrier Edwards
,HCI Systems/Pleasanton,error-lite@duckduckgo.com,Carrier Edwards
,"Hue & Cry, Inc",error-lite@duckduckgo.com,Carrier Edwards
,Integrated Communication Systems,error-lite@duckduckgo.com,Carrier Edwards
,"Point One Electrical Systems, Inc",error-lite@duckduckgo.com,Carrier Edwards
,Quality Sound Division Of BI-JAMAR Inc,error-lite@duckduckgo.com,Carrier Edwards
,Rex Moore Group/Fresno,error-lite@duckduckgo.com,Carrier Edwards
,Rex Moore Group/Sacramento,error-lite@duckduckgo.com,Carrier Edwards
,Sacramento Control Systems Inc,error-lite@duckduckgo.com,Carrier Edwards
,SecureCom/Sacramento,error-lite@duckduckgo.com,Carrier Edwards
,United Systems Fire & Security/San Francisco,error-lite@duckduckgo.com,Carrier Edwards
,Valley Fire and Security,error-lite@duckduckgo.com,Carrier Edwards
,Control Systems/Denver,error-lite@duckduckgo.com,Carrier Edwards
,Convergint Technologies/Centennial,error-lite@duckduckgo.com,Carrier Edwards
,Everon/Denver,error-lite@duckduckgo.com,Carrier Edwards
,Meridian Fire & Security LLC,error-lite@duckduckgo.com,Carrier Edwards
,Summit Fire Protection/Denver,error-lite@duckduckgo.com,Carrier Edwards
,Pye-Barker Fire & Safety/Arvada,error-lite@duckduckgo.com,Carrier Edwards
,"AlarmSpecialists, Inc",error-lite@duckduckgo.com,Carrier Edwards
,"Control Alarm, Inc",error-lite@duckduckgo.com,Carrier Edwards
,"Total Fire & Security Colorado, LLC",error-lite@duckduckgo.com,Carrier Edwards
,"The H R Kirkland Company, Inc",error-lite@duckduckgo.com,Carrier Edwards
,Convergint Technologies/Connecticut,error-lite@duckduckgo.com,Carrier Edwards
,Everon/Connecticut,error-lite@duckduckgo.com,Carrier Edwards
,Encore Fire Protection/Connecticut,error-lite@duckduckgo.com,Carrier Edwards
,"TPC Associates, Inc",error-lite@duckduckgo.com,Carrier Edwards
,Security Instrument Corporation,michael@securityinstrument.com,Carrier Edwards
,"Wayman Fire Protection, Inc",william@waymanfireprotection.com,Carrier Edwards
,Control Systems/Orlando,jbrown@controlsystems.net,Carrier Edwards
,Control Systems/Pensacola,robert@controlsystems.net,Carrier Edwards
,Convergint Technologies/Miramar,james.jones@convergint.com,Carrier Edwards
,Convergint Technologies/Orlando,james.williams@convergint.com,Carrier Edwards
,Convergint Technologies/Tampa,jjones@convergint.com,Carrier Edwards
,Everon/Jacksonville,james@everonsolutions.com,Carrier Edwards
,Everon/Orlando,jamesw@everonsolutions.com,Carrier Edwards
,Everon/Pensacola,william@everonsolutions.com,Carrier Edwards
,Everon/Tampa,james.brown@everonsolutions.com,Carrier Edwards
,JSC Systems/Jacksonville,david@jscsystems.net,Carrier Edwards
,JSC Systems/Orlando,michael.johnson@jscsystems.net,Carrier Edwards
,JSC Systems/Tampa,james@jscsystems.net,Carrier Edwards
,Engineering Systems Technology Inc,william.williams@estfl.com,Carrier Edwards
,"Genset Fire and Security, LLC",william@gensetfire.com,Carrier Edwards
,High Rise Fire Protection/Boca Raton,michael.williams@highrisefire.com,Carrier Edwards
,"Advanced Alarm Services, Inc",robert.smith@advancedalarmservice.com,Carrier Edwards
,"Advanced Fire Protection Services, Inc",david@wesavellives.com,Carrier Edwards
,All Digital Technology,michael@alldigitaltechnology.com,Carrier Edwards
,"Atech Fire & Security, Inc",wwilliams@atechsystems.us,Carrier Edwards
,Century Fire Protection/Tampa Bay,jjones@cfcsystems.com,Carrier Edwards
,"Electronic Protection Systems, Inc",rwilliams@epsalarm.com,Carrier Edwards
,"Fire Central Solutions, Inc",wjohnson@fcsecurity.net,Carrier Edwards
,"FIRE-LINK Technologies, Inc",william@firelinktech.com,Carrier Edwards
,Integrated Security Systems,john.brown@teamiss.com,Carrier Edwards
,Ivanco Inc,william.johnson@ivanco.com,Carrier Edwards
,"Legnasys Technology, Inc",michaelj@legnasys.com,Carrier Edwards
,Miller Electric Company,michaelsmith@mecojax.com,Carrier Edwards
,"Milton J Wood Fire Protection, Inc",robertsmith@mjwood.com,Carrier Edwards
,NuTech National,robert.brown@nutechnational.com,Carrier Edwards
,Signature Systems of Florida,michael@signaturesystemsfl.com,Carrier Edwards
,Total Fire Protection of Michigan/Fort Myers,michael@totalfireandsecurity.biz,Carrier Edwards
,"Georgia-Florida Security & Fire, LLC",mbrown@gafl-alarms.com,Carrier Edwards
,"Mann Fire & Security, LLC",james@mannfs.com,Carrier Edwards
,"T & T Fire Alarm and Electrical, LLC",james.johnson@,Carrier Edwards
,Advance Security Group Enterprise,williams@advancesecuritygroup.com,Carrier Edwards
,"Protection Plus of the Florida Keys, Inc",johnjohnson@protectionplus.com,Carrier Edwards
,Convergint Technologies/Atlanta,michael@convergint.com,Carrier Edwards
,JSC Systems/Savannah,robertb@jscsystems.net,Carrier Edwards
,"Ace Technologies, LLC",john.johnson@acetechnologydiv.net,Carrier Edwards
,Alexander Electric Company,william@alexander-electric.com,Carrier Edwards
,Alliance Fire Protection Services Inc,david.jones@alliancefire.com,Carrier Edwards
,Cornerstone Security/Atlanta,michael.brown@cornercs.com,Carrier Edwards
,Fuller Fire & Safety,john.smith@fullerfireinc.com,Carrier Edwards
,Island Signal and Sound Inc,james.williams@islandsignal.com,Carrier Edwards
,"Phoenix Pacific, Inc",robert.brown@phoenixpacificinc.com,Carrier Edwards
,Convergint Technologies/Boise,williamb@convergint.com,Carrier Edwards
,FFF Protection/Boise,davidsmith@,Carrier Edwards
,FFF Protection/St Maries,david.johnson@,Carrier Edwards
,Convergint Technologies/Chicago,wbrown@convergint.com,Carrier Edwards
,Convergint Technologies/Peoria,james.johnson@convergint.com,Carrier Edwards
,"Esscoe, LLC",johnj@esscoe.com,Carrier Edwards
,Everon/Lombard,wbrown@everonsolutions.com,Carrier Edwards
,Shambaugh & Son/Champaign,james.brown@shambaugh.com,Carrier Edwards
,"Audio Engineering, Inc",jsmith@audioengineeringinc.com,Carrier Edwards
,"Barcom Security, Inc",davidw@barcomsecurity.com,Carrier Edwards
,"LaMarCo Systems, Inc",robert.johnson@lamarcosystems.com,Carrier Edwards
,"Reliable Fire Equipment, LLC",davidbrown@reliablefire.com,Carrier Edwards
,Scutum/Naperville,john.williams@thompsonet.com,Carrier Edwards
,"United Systems, Inc",william@4unitedsystems.com,Carrier Edwards
,Control Systems/Indianapolis,michael.williams@controlsystems.net,Carrier Edwards
,Shambaugh & Son/Fort Wayne,mbrown@shambaugh.com,Carrier Edwards
,ESCO Communications - Fort Wayne,robert@escocomm.com,Carrier Edwards
,Midwest Security Solutions,james@securethemidwest.com,Carrier Edwards
,New Era Technology Midwest,michaelwilliams@neweratech.com,Carrier Edwards
,Ryan Fireprotection/Noblesville,james@ryanfp.com,Carrier Edwards
,"ATN Technology, Inc",jwilliams@atntechnologyinc.com,Carrier Edwards
,Convergint Technologies/Des Moines,john@convergint.com,Carrier Edwards
,Communications Engineering Company/Hiawatha,william.brown@cecinfo.com,Carrier Edwards
,Summit Fire Protection/Des Moines,davidjohnson@summitfire.com,Carrier Edwards
,Summit Fire Protection/Iowa City,michaelsmith@summitfire.com,Carrier Edwards
,F.E. Moran Fire Protection,djones@femoran.com,Carrier Edwards
,Convergint Technologies/Lenexa,michaelj@convergint.com,Carrier Edwards
,"Keller Fire & Safety, Inc",michael.williams@kellerfire.com,Carrier Edwards
,Convergint Technologies/Louisville,david@convergint.com,Carrier Edwards
,Everon/Louisville,djohnson@everonsolutions.com,Carrier Edwards
,Newtech Systems/Ashland,rsmith@newtech-sys.com,Carrier Edwards
,"Amteck, LLC",wsmith@amteck.com,Carrier Edwards
,Grot Incorporated,james@grotinc.com,Carrier Edwards
,"Koorsen Fire & Security, Inc",robert.johnson@koorsen.com,Carrier Edwards
,Premier Fire & Security/Paducah,djones@premierfire.net,Carrier Edwards
,Pye-Barker Fire & Safety/Bowling Green,jbrown@pyebarkerfs.com,Carrier Edwards
,Ryan Fireprotection/Louisville,williamwilliams@ryanfp.com,Carrier Edwards
,Convergint Technologies/Alexandria,william.jones@convergint.com,Carrier Edwards
,Convergint Technologies/St Rose,jamesj@convergint.com,Carrier Edwards
,Everon/New Orleans,james@everonsolutions.com,Carrier Edwards
,"Allied Systems, Inc",david@allied-systems.com,Carrier Edwards
,Austin Fire Systems/Prairieville,robertj@stopfire.com,Carrier Edwards
,Austin Fire Systems/Shreveport,johnj@stopfire.com,Carrier Edwards
,Concept Electronics Inc,john.brown@ceibr.com,Carrier Edwards
,"Fire Tech Systems, Inc",jjohnson@firetechsystems.com,Carrier Edwards
,"Securance Technologies, LLC",rjohnson@securancetechnologies.com,Carrier Edwards
,"United Automation, LLC",rbrown@uautomation.net,Carrier Edwards
,Evotech/Alexandria,williams@evotechla.com,Carrier Edwards
,"ARK Systems, Inc",david@arksysinc.com,Carrier Edwards
,ARK Systems/Delaware,john@arksysinc.com,Carrier Edwards
,"Mid Atlantic Time Equipment, Ltd",williamsmith@,Carrier Edwards
,Pye-Barker Fire & Safety/Salisbury,michael@pyebarkerfs.com,Carrier Edwards
,Tele-Plus Corporation/Hagerstown,james.johnson@telepluscorp.com,Carrier Edwards
,Convergint Technologies/Boston,davidjones@convergint.com,Carrier Edwards
,"American Service Company, Inc",robertjones@americanservicecompany.com,Carrier Edwards
,"BBS Tech, LLC",john@bbsboston.com,Carrier Edwards
,Encore Fire Protection/Massachusetts,william@encorefireprotection.com,Carrier Edwards
,Fire Equipment Inc,michaelbrown@feinewengland.com,Carrier Edwards
,Fire Equipment Inc,jjohnson@feinewengland.com,Carrier Edwards
,Fire Equipment Inc,davidsmith@feinewengland.com,Carrier Edwards
,Fire Equipment Inc,wwilliams@feinewengland.com,Carrier Edwards
,Fire Equipment Inc,william.jones@feinewengland.com,Carrier Edwards
,Fire Equipment Inc,michael@feinewengland.com,Carrier Edwards
,Everon/Novi,james.williams@everonsolutions.com,Carrier Edwards
,Riverside Integrated Systems Inc,davidw@riverside-is.com,Carrier Edwards
,"Carraway Fire & Life Safety Systems, LLC",jamesb@carrawayfire.com,Carrier Edwards
,CertaSite/Sterling Heights,james@certasitepro.com,Carrier Edwards
,Electronic Safety Incorporated,william@electronicsafety.com,Carrier Edwards
,"Ferndale Electric Company, Inc",william.williams@ferndale-electric.com,Carrier Edwards
,"Fire Alarm Service Team, LLC",robertbrown@firealarmserviceteam.com,Carrier Edwards
,Gallagher Fire Equipment Company,rjohnson@michiganfiresystems.com,Carrier Edwards
,"Lincoln Fire Protection, Inc",jamesw@lincolnfireprotection.com,Carrier Edwards
,Summit Companies - Mt Pleasant,johnbrown@summitcous.com,Carrier Edwards
,Summit Fire Protection/Traverse City,james.williams@summitfire.com,Carrier Edwards
,"Superiorland Electronics, Inc",michael.johnson@superiorlandelectronics.com,Carrier Edwards
,Total Fire & Security/Grand Rapids,johnj@totalfireandsecurity.biz,Carrier Edwards
,Convergint Technologies/Fargo,william@convergint.com,Carrier Edwards
,Convergint Technologies/Minneapolis,jwilliams@convergint.com,Carrier Edwards
,Ban-Koe Systems/Minneapolis,william.johnson@bankoe.com,Carrier Edwards
,"All State Communications, LLC",michaeljohnson@allstatecom.com,Carrier Edwards
,Ban-Koe Systems/Wisconsin,johnw@bankoe.com,Carrier Edwards
,Electro Watchman/St Paul,michaelb@electrowatchman.com,Carrier Edwards
,UHL Company,davids@uhlco.com,Carrier Edwards
,Convergint Technologies/St Louis,jbrown@convergint.com,Carrier Edwards
,American Burglary & Fire Inc,jjones@abfsecurity.com,Carrier Edwards
,Control Service Company,john.jones@controlservice.com,Carrier Edwards
,Energize Electronics Inc,rwilliams@energizeelectronicsinc.com,Carrier Edwards
,"Interface Security Systems, LLC",william.brown@interfacesys.com,Carrier Edwards
,Convergint Technologies/Helena,james@convergint.com,Carrier Edwards
,Impact Fire Services/Billings,michael.smith@impactfireservices.com,Carrier Edwards
,Montana-Wyoming Systems,jamesb@mtwysystems.com,Carrier Edwards
,Electronic Contracting Company,jamesjones@eccoinc.com,Carrier Edwards
,"Fire Protection Services, LLC",davidjohnson@,Carrier Edwards
,Summit Fire Protection of Lincoln,davidj@generalfiresafety.com,Carrier Edwards
,Summit Fire Protection/Omaha,john@summitfire.com,Carrier Edwards
,"SAFE Electronics, Inc",jjones@everonsolutions.com,Carrier Edwards
,United Systems Fire & Security/Las Vegas,john.jones@unitedlv.com,Carrier Edwards
,"R B Allen Company, Inc",jamesjohnson@rballen.com,Carrier Edwards
,Everon/New Jersey Metro,william@everonsolutions.com,Carrier Edwards
,"Absolute Protective Systems, Inc",david.williams@sciensusa.com,Carrier Edwards
,"AES Fire, LLC",williamj@nyaes.com,Carrier Edwards
,Avellino & Watson Fire Controls Inc,jamess@,Carrier Edwards
,Encore Fire Protection/Parsippany,william.williams@encorefireprotection.com,Carrier Edwards
,Encore Fire Protection/Wall Township,john.williams@encorefireprotection.com,Carrier Edwards
,Fire Safety Alarms Inc,jjones@firesafetyalarms.com,Carrier Edwards
,"Fire Security Technologies, Inc",robert@firesecuritytech.com,Carrier Edwards
,"United Federated Systems, Inc",robert@unitedfedsys.com,Carrier Edwards
,"IntraWorks, Inc",robertw@intraworksusa.com,Carrier Edwards
,"Powerline Technologies, Inc",johnw@plti.tech,Carrier Edwards
,Evernon/Albany,williamj@everonsolutions.com,Carrier Edwards
,Everon/Hawthorne,mjones@everonsolutions.com,Carrier Edwards
,Everon/New York City,david.brown@everonsolutions.com,Carrier Edwards
,Everon/Syracuse,david@everonsolutions.com,Carrier Edwards
,"Briscoe Protective, LLC",john@briscoeprotective.com,Carrier Edwards
,"Casey Fire Systems, Inc",rsmith@caseysystems.com,Carrier Edwards
,Davis-Ulmer Sprinkler Co/Syracuse,wjones@davisulmer.us,Carrier Edwards
,"Fire Detection Systems, Inc",davids@firedetectionsystemsny.com,Carrier Edwards
,Fire Safety Systems,robert.williams@firesafetystemsinc.com,Carrier Edwards
,"Fire, Security & Sound Systems, Inc",rwilliams@firesecuritysound.com,Carrier Edwards
,High Rise Fire Protection Corporation,john@highrisefire.com,Carrier Edwards
,"New York Fire Detection, Inc",michaels@ny-fire.com,Carrier Edwards
,TSS Integrated Systems,david@facebook.com,Carrier Edwards
,Casey Fire Systems/Hawthorne,wwilliams@safewayfire.com,Carrier Edwards
,Davis-Ulmer Sprinkler Co/Buffalo,mwilliams@davisulmer.us,Carrier Edwards
,Davis-Ulmer Sprinkler Co/Rochester,james.brown@davisulmer.us,Carrier Edwards
,DGA Security Systems Inc,robert.johnson@dga.com,Carrier Edwards
,Imperial Products Center Inc,michael.johnson@imperialfire.net,Carrier Edwards
,"IRL Systems, Inc",rjones@irlsystems.com,Carrier Edwards
,Madison Service Corp,john.jones@madisonservice.com,Carrier Edwards
,"Open Systems Metro NY, Inc",david.smith@osmetro.com,Carrier Edwards
,"Technical Systems Group, Inc",davids@tsgsecurity.com,Carrier Edwards
,Total Fire Protection,robert.johnson@tfp1.com,Carrier Edwards
,West Fire Systems Inc,jamess@westfiresystems.com,Carrier Edwards
,Haynes Technologies,djohnson@mbhaynes.com,Carrier Edwards
,Pavion Corp,dwilliams@pavion.com,Carrier Edwards
,"Schneider Electric Buildings Americas, Inc",robert.williams@se.com,Carrier Edwards
,"Carolina Safety & Sound, Inc",michael.smith@,Carrier Edwards
,Eagle Fire - Charlotte,robert.brown@eaglefire.com,Carrier Edwards
,"Pair Electronics Company, Inc",john.williams@pairelectronics.com,Carrier Edwards
,Recore Life Safety Systems,william.williams@recorefire.com,Carrier Edwards
,Summit Fire & Security/Raleigh,david@summitfiresecurity.com,Carrier Edwards
,"Alpha Fire & Security, Inc",jbrown@,Carrier Edwards
,"Central Security Systems, Inc",michaelb@centralsecuritync.com,Carrier Edwards
,Electro Watchman/Mandan,william.jones@electrowatchman.com,Carrier Edwards
,Convergint Technologies/Cleveland,william.jones@convergint.com,Carrier Edwards
,Dalmatian Fire,jamess@dalmatianfire.net,Carrier Edwards
,Everon/Cincinnati,david@everonsolutions.com,Carrier Edwards
,Integrated Protection Services,johns@integratedprotection.com,Carrier Edwards
,Integrated Protection Services,williamsmith@integratedprotection.com,Carrier Edwards
,Asset Protection Corporation Inc,wbrown@apcamerica.com,Carrier Edwards
,"Calcom, Inc",robert@calcominc.com,Carrier Edwards
,Garber Electrical Contractors,david.williams@garberelectric.com,Carrier Edwards
,"Northwestern Ohio Security Systems, Inc",john.williams@nwoss.com,Carrier Edwards
,Pye-Barker Fire & Safety/Miamisburg,michaelwilliams@a1ssi.com,Carrier Edwards
,Radi-O-Sound Communications,rwilliams@radi-o-sound.com,Carrier Edwards
,Silco Fire & Security,john.jones@silcofs.com,Carrier Edwards
,Sonitrol of SW Ohio,john.brown@sonitrolsw.com,Carrier Edwards
,Southeast Security Corporation,david@southeastsecurity.com,Carrier Edwards
,Convergint Technologies/Oklahoma City,michael@convergint.com,Carrier Edwards
,Convergint Technologies/Tulsa,jamess@convergint.com,Carrier Edwards
,Everon/Oklahoma City,jbrown@everonsolutions.com,Carrier Edwards
,Endex of Oklahoma Inc,michael@endexok.com,Carrier Edwards
,"Matlock Security Services, Inc",robert.brown@matlocksecurity.com,Carrier Edwards
,"Stryker Integrated Solutions, LLC",johnjones@strykeris.com,Carrier Edwards
,"Elite Systems, Inc",jbrown@eliteoklahoma.com,Carrier Edwards
,Convergint Technologies/Eugene,john.williams@convergint.com,Carrier Edwards
,Convergint Technologies/Portland,robert.smith@convergint.com,Carrier Edwards
,Everon/Beaverton,michael.johnson@everonsolutions.com,Carrier Edwards
,SecureCom/Springfield,david@securecom.net,Carrier Edwards
,Summit Fire & Security/Portland,john.jones@summitfiresecurity.com,Carrier Edwards
,Everon/Philadelphia Metro,johnwilliams@everonsolutions.com,Carrier Edwards
,Everon/Pittsburgh,james.smith@everonsolutions.com,Carrier Edwards
,"Eastern Time, Inc",wsmith@eastern-time.com,Carrier Edwards
,"Electronic Security Solutions, LLC",jjones@essfiresys.com,Carrier Edwards
,Intelligent Electronic Systems LLC,robert.jones@iespgh.com,Carrier Edwards
,"Cholin Corp, Inc",david@cholincorp.net,Carrier Edwards
,Pye-Barker Fire & Safety/Lancaster,williamjohnson@pyebarkerfs.com,Carrier Edwards
,"The Wilkins Company, Inc",jwilliams@thewilkins.co,Carrier Edwards
,The Wilkins Company/Pittsburgh,james@thewilkins.co,Carrier Edwards
,"Berkshire Systems Group, Inc",davidb@bsgi.com,Carrier Edwards
,"Empire Communication Systems, Inc",james@,Carrier Edwards
,Park Security Systems,james.jones@parksecuritysystems.com,Carrier Edwards
,"Communication Systems, Inc",john.johnson@encorefireprotection.com,Carrier Edwards
,Encore Fire Protection/Rhode Island,rjohnson@encorefireprotection.com,Carrier Edwards
,Fire Equipment/Rhode Island,john.williams@feinewengland.com,Carrier Edwards
,Convergint Technologies/Charleston,john.johnson@convergint.com,Carrier Edwards
,Convergint Technologies/Greenville,robertj@convergint.com,Carrier Edwards
,JSC Systems/Columbia,michaeljohnson@jscsystems.net,Carrier Edwards
,Cornerstone Security/Charleston,dbrown@cornercs.com,Carrier Edwards
,Eagle Fire/Charleston,john.johnson@eaglefire.com,Carrier Edwards
,Pye-Barker Fire & Safety/Greenville,robert@pyebarkerfire.com,Carrier Edwards
,"Security Technologies of the Palmetto, LLC",james.johnson@stopsecurity.net,Carrier Edwards
,Convergint Technologies/Rapid City,john.jones@convergint.com,Carrier Edwards
,"Amick Sound, Inc",william@amicksound.com,Carrier Edwards
,Ban-Koe Systems/Sioux Falls,david.brown@bankoe.com,Carrier Edwards
,"Justice Fire & Safety, Inc",william.jones@justicefire.com,Carrier Edwards
,Beacon Communications/Rapid City,michaelw@beaconcom.com,Carrier Edwards
,Beacon Communications/Sioux Falls,david@beaconcom.com,Carrier Edwards
,Convergint Technologies/Memphis,john@convergint.com,Carrier Edwards
,Everon/Memphis,jsmith@everonsolutions.com,Carrier Edwards
,Everon/Nashville,jwilliams@everonsolutions.com,Carrier Edwards
,Shambaugh & Son LP,johnjohnson@shambaugh.com,Carrier Edwards
,Building Systems Technology/Knoxville,williamb@eaglefire.com,Carrier Edwards
,Eagle Fire/Nashville,jsmith@eaglefire.com,Carrier Edwards
,State Systems/Memphis,davidwilliams@statesystemsinc.com,Carrier Edwards
,Integrated Protection Services/Nashville,rsmith@integratedprotection.com,Carrier Edwards
,South Western Communications/Nashville,davidb@swc.net,Carrier Edwards
,Control Systems/Austin,james@controlsystems.net,Carrier Edwards
,Control Systems/Dallas,michaels@controlsystems.net,Carrier Edwards
,Control Systems/San Antonio,james@controlsystems.net,Carrier Edwards
,Convergint Technologies/Austin,jamess@convergint.com,Carrier Edwards
,Convergint Technologies/San Antonio,dbrown@convergint.com,Carrier Edwards
,Everon/Houston,james.williams@everonsolutions.com,Carrier Edwards
,Everon/San Antonio,jwilliams@everonsolutions.com,Carrier Edwards
,Northstar Fire Protection of Texas,robertsmith@northstarfire.com,Carrier Edwards
,Northstar Fire Protection of Texas/Austin,wsmith@northstarfire.com,Carrier Edwards
,Firetrol Protection Systems/Austin,michael.williams@firetrol.net,Carrier Edwards
,"Wilson Fire Equipment & Service Co, Inc",william@wilsonfire.com,Carrier Edwards
,1st Fire Protection Services/McAllen,msmith@ww.1stfpservices.com,Carrier Edwards
,1st Fire Protection Services/San Antonio,jsmith@1stfpservices.com,Carrier Edwards
,Alltronics Integrated Systems Inc,jamesj@,Carrier Edwards
,APIC Solutions/Texas,mwilliams@apicnm.com,Carrier Edwards
,Automatic Fire Protection/San Antonio,michael.brown@automaticfireprotection.com,Carrier Edwards
,"Central Alert, Inc",michael@centralalert.net,Carrier Edwards
,"Circle Industries, Inc",michael.williams@circleind.net,Carrier Edwards
,Dantek Systems Inc,david@danteksystems.com,Carrier Edwards
,DSC,james@thinkdsc.com,Carrier Edwards
,"DSS Fire, Inc",william.williams@dssfire.com,Carrier Edwards
,Firetrol Protection Systems/San Antonio,robertw@firetrol.net,Carrier Edwards
,"High Tech Low Volts, LLC",mwilliams@hightechlowvolts.com,Carrier Edwards
,"National Fire & Safety, Inc",jjones@natfiresafety.com,Carrier Edwards
,Pavion/Dallas,john.smith@pavion.com,Carrier Edwards
,Pavion/San Antonio,msmith@pavion.com,Carrier Edwards
,SafeGuard Fire,james.jones@safeguardrgv.com,Carrier Edwards
,Security Operations Group/San Antonio,mjohnson@sog-i.com,Carrier Edwards
,"Stag Fire Protection, LLC",rwilliams@stagfirepro.com,Carrier Edwards
,Summit Fire & Security/Houston,jamesw@summitfiresecurity.com,Carrier Edwards
,"Universal Time Equipment Company, Inc",robertw@universaltime.net,Carrier Edwards
,Automatic Fire Protection/Dallas,robertwilliams@automaticfireprotection.com,Carrier Edwards
,Automatic Fire Protection/San Angelo,robert@automaticfireprotection.com,Carrier Edwards
,"Classic Protection Systems, Inc",robert.smith@classicprotectionsys.com,Carrier Edwards
,"Black Fire & Security Services, LLC",william.smith@blackfireandsecurity.com,Carrier Edwards
,Certified Fire Protection,john.williams@certfs.com,Carrier Edwards
,"Spectrum West, Inc",david.johnson@spectrumwest.biz,Carrier Edwards
,"State Fire DC Specialties, LLC",dsmith@statefire.com,Carrier Edwards
,Summit Fire & Security/Salt Lake City,robertj@summitfiresecurity.com,Carrier Edwards
,"Wasatch Electric, LLC",msmith@wasatchelectric.com,Carrier Edwards
,Convergint Technologies/Northern Virginia,david@convergint.com,Carrier Edwards
,Everon/Virginia,robert@everonsolutions.com,Carrier Edwards
,"Dominion Fire and Security, LLC",david.johnson@dominionfiresecurity.com,Carrier Edwards
,Eagle Fire/Richmond,rbrown@eaglefire.com,Carrier Edwards
,"Hawk Security Systems, Inc",johnb@hawksecuritysys.com,Carrier Edwards
,IES Communications/Roanoke,john.smith@iescomm.com,Carrier Edwards
,"Kegley Electric Company, LLC",john@kegleyelectric.com,Carrier Edwards
,Convergint Technologies/Eastern Washington,james.jones@convergint.com,Carrier Edwards
,Convergint Technologies/Seattle,robertj@convergint.com,Carrier Edwards
Robert Williams,JN Equipment,robert.williams@jnequipment.com,Fuji Spray
Michael Williams,Finish Systems,michael@finishsystems.com,Fuji Spray
Emily Williams,Finish Systems,ewilliams@finishsystems.com,Fuji Spray
Jessica Williams,The Paint People,jwilliams@thepaintpeople.com,Fuji Spray
James Johnson,Ninos Machinery Repair,jamesjohnson@ninosmachineryrepair.com,Fuji Spray
Emily Miller,Highland Woodworking,emiller@highlandwoodworking.com,Fuji Spray
Jessica Jones,Woodworkers Supply,jessica@woodworkerssupply.com,Fuji Spray
David Williams,The Paint People,david@thepaintpeople.com,Fuji Spray
Sarah Jones,Acme Tools,sarahj@acmetools.com,Fuji Spray
Robert Johnson,Spray System Store,robert.johnson@spraysystemstore.com,Fuji Spray
James Jones,Highland Woodworking,james@highlandwoodworking.com,Fuji Spray
Michael Brown,The Paint People,mbrown@thepaintpeople.com,Fuji Spray
Jessica Jones,Highland Woodworking - Branch 15,jessica@highlandwoodworking-branch15.com,Fuji Spray
William Davis,Ninos Machinery Repair - Branch 16,william.davis@ninosmachineryrepair-branch16.com,Fuji Spray
Robert Williams,Gleason Paint - Branch 17,robert@gleasonpaint-branch17.com,Fuji Spray
John Smith,Highland Woodworking - Branch 18,john.smith@highlandwoodworking-branch18.com,Fuji Spray
David Smith,Rockler Woodworking - Branch 19,david.smith@rocklerwoodworking-branch19.com,Fuji Spray
James Johnson,Rockler Woodworking - Branch 20,james.johnson@rocklerwoodworking-branch20.com,Fuji Spray
James Miller,Phoenix Spray Equipment - Branch 21,jmiller@phoenixsprayequipment-branch21.com,Fuji Spray
David Jones,The Paint People - Branch 22,djones@thepaintpeople-branch22.com,Fuji Spray
Michael Brown,Cogent Bathtub Refinishing - Branch 23,michael.brown@cogentbathtubrefinishing-branch23.com,Fuji Spray
William Davis,JN Equipment - Branch 24,william@jnequipment-branch24.com,Fuji Spray
Sarah Johnson,Phelps Refinishing - Branch 25,sjohnson@phelpsrefinishing-branch25.com,Fuji Spray
Emily Miller,Industrial Finishes - Branch 26,emilymiller@industrialfinishes-branch26.com,Fuji Spray
David Smith,Ninos Machinery Repair - Branch 27,david.smith@ninosmachineryrepair-branch27.com,Fuji Spray
William Brown,Acme Tools - Branch 28,william.brown@acmetools-branch28.com,Fuji Spray
Sarah Brown,JN Equipment - Branch 29,sarahb@jnequipment-branch29.com,Fuji Spray
William Johnson,Ninos Machinery Repair - Branch 30,williamj@ninosmachineryrepair-branch30.com,Fuji Spray
Robert Jones,Industrial Finishes - Branch 32,robert.jones@industrialfinishes-branch32.com,Fuji Spray
David Brown,Ninos Machinery Repair - Branch 33,davidbrown@ninosmachineryrepair-branch33.com,Fuji Spray
Sarah Miller,Cogent Bathtub Refinishing - Branch 34,sarah.miller@cogentbathtubrefinishing-branch34.com,Fuji Spray
John Johnson,Finish Systems - Branch 35,johnjohnson@finishsystems-branch35.com,Fuji Spray
Robert Jones,Acme Tools - Branch 36,robert.jones@acmetools-branch36.com,Fuji Spray
William Brown,Industrial Finishes - Branch 37,william.brown@industrialfinishes-branch37.com,Fuji Spray
Sarah Smith,Finish Systems - Branch 38,sarahsmith@finishsystems-branch38.com,Fuji Spray
William Smith,Finish Systems - Branch 40,williamsmith@finishsystems-branch40.com,Fuji Spray
David Jones,Acme Tools - Branch 41,david.jones@acmetools-branch41.com,Fuji Spray
Robert Jones,Ninos Machinery Repair - Branch 44,robert.jones@ninosmachineryrepair-branch44.com,Fuji Spray
Robert Brown,Rockler Woodworking - Branch 45,robert.brown@rocklerwoodworking-branch45.com,Fuji Spray
James Miller,Industrial Finishes - Branch 46,jmiller@industrialfinishes-branch46.com,Fuji Spray
Robert Smith,Ninos Machinery Repair - Branch 47,roberts@ninosmachineryrepair-branch47.com,Fuji Spray
Michael Davis,Rockler Woodworking - Branch 48,michael.davis@rocklerwoodworking-branch48.com,Fuji Spray
Jessica Brown,Woodworkers Supply - Branch 49,jessica.brown@woodworkerssupply-branch49.com,Fuji Spray
Emily Jones,Cogent Bathtub Refinishing - Branch 50,ejones@cogentbathtubrefinishing-branch50.com,Fuji Spray
James Miller,Phelps Refinishing - Branch 51,james.miller@phelpsrefinishing-branch51.com,Fuji Spray
Sarah Smith,Acme Tools - Branch 52,sarahs@acmetools-branch52.com,Fuji Spray
Robert Miller,Phoenix Spray Equipment - Branch 53,rmiller@phoenixsprayequipment-branch53.com,Fuji Spray
Jessica Smith,Industrial Finishes - Branch 54,jessica.smith@industrialfinishes-branch54.com,Fuji Spray
William Johnson,Phelps Refinishing - Branch 55,william.johnson@phelpsrefinishing-branch55.com,Fuji Spray
John Jones,Rockler Woodworking - Branch 57,john.jones@rocklerwoodworking-branch57.com,Fuji Spray
Jessica Williams,Ninos Machinery Repair - Branch 58,jessica.williams@ninosmachineryrepair-branch58.com,Fuji Spray
Michael Davis,Gleason Paint - Branch 59,michaeldavis@gleasonpaint-branch59.com,Fuji Spray
Sarah Brown,Rockler Woodworking - Branch 61,sarahb@rocklerwoodworking-branch61.com,Fuji Spray
Michael Jones,Finish Systems - Branch 64,michael@finishsystems-branch64.com,Fuji Spray
John Miller,The Paint People - Branch 65,jmiller@thepaintpeople-branch65.com,Fuji Spray
William Johnson,Industrial Finishes - Branch 66,william@industrialfinishes-branch66.com,Fuji Spray
Jessica Jones,JN Equipment - Branch 68,jjones@jnequipment-branch68.com,Fuji Spray
Robert Johnson,Phelps Refinishing - Branch 69,robertj@phelpsrefinishing-branch69.com,Fuji Spray
Sarah Davis,Industrial Finishes - Branch 71,sarah.davis@industrialfinishes-branch71.com,Fuji Spray
John Jones,Ninos Machinery Repair - Branch 72,johnjones@ninosmachineryrepair-branch72.com,Fuji Spray
Robert Williams,Rockler Woodworking - Branch 73,robert@rocklerwoodworking-branch73.com,Fuji Spray
Michael Miller,Industrial Finishes - Branch 74,michaelmiller@industrialfinishes-branch74.com,Fuji Spray
Sarah Brown,Gleason Paint - Branch 75,sarah@gleasonpaint-branch75.com,Fuji Spray
David Miller,Finish Systems - Branch 76,dmiller@finishsystems-branch76.com,Fuji Spray
Michael Miller,Acme Tools - Branch 77,michael.miller@acmetools-branch77.com,Fuji Spray
William Brown,The Paint People - Branch 78,william.brown@thepaintpeople-branch78.com,Fuji Spray
Jessica Williams,Industrial Finishes - Branch 79,jwilliams@industrialfinishes-branch79.com,Fuji Spray
Jessica Williams,Industrial Finishes - Branch 81,jessica.williams@industrialfinishes-branch81.com,Fuji Spray
Emily Smith,Rockler Woodworking - Branch 84,emily.smith@rocklerwoodworking-branch84.com,Fuji Spray
John Brown,Woodworkers Supply - Branch 85,john.brown@woodworkerssupply-branch85.com,Fuji Spray
David Davis,Industrial Finishes - Branch 86,david@industrialfinishes-branch86.com,Fuji Spray
David Brown,Klingspors Woodworking Shop - Branch 87,david.brown@klingsporswoodworkingshop-branch87.com,Fuji Spray
Michael Johnson,Ninos Machinery Repair - Branch 90,michael.johnson@ninosmachineryrepair-branch90.com,Fuji Spray
Sarah Brown,Spray System Store - Branch 91,sbrown@spraysystemstore-branch91.com,Fuji Spray
Michael Miller,The Paint People - Branch 92,michael.miller@thepaintpeople-branch92.com,Fuji Spray
Michael Johnson,Highland Woodworking - Branch 93,michael.johnson@highlandwoodworking-branch93.com,Fuji Spray
Robert Brown,Industrial Finishes - Branch 94,robert.brown@industrialfinishes-branch94.com,Fuji Spray
Michael Williams,Phelps Refinishing - Branch 95,michael@phelpsrefinishing-branch95.com,Fuji Spray
Michael Brown,Gleason Paint - Branch 98,michaelbrown@gleasonpaint-branch98.com,Fuji Spray
David Johnson,Phelps Refinishing - Branch 99,djohnson@phelpsrefinishing-branch99.com,Fuji Spray
Michael Brown,JN Equipment - Branch 100,mbrown@jnequipment-branch100.com,Fuji Spray
Emily Miller,Highland Woodworking - Branch 101,emily.miller@highlandwoodworking-branch101.com,Fuji Spray
William Smith,Ninos Machinery Repair - Branch 103,william@ninosmachineryrepair-branch103.com,Fuji Spray
Robert Brown,The Paint People - Branch 105,robertbrown@thepaintpeople-branch105.com,Fuji Spray
Sarah Jones,Cogent Bathtub Refinishing - Branch 106,sarahjones@cogentbathtubrefinishing-branch106.com,Fuji Spray
David Johnson,Phoenix Spray Equipment - Branch 107,davidj@phoenixsprayequipment-branch107.com,Fuji Spray
Jessica Smith,Klingspors Woodworking Shop - Branch 108,jessica@klingsporswoodworkingshop-branch108.com,Fuji Spray
Robert Williams,Klingspors Woodworking Shop - Branch 109,robertw@klingsporswoodworkingshop-branch109.com,Fuji Spray
William Davis,Phelps Refinishing - Branch 110,wdavis@phelpsrefinishing-branch110.com,Fuji Spray
Robert Smith,Acme Tools - Branch 111,robert.smith@acmetools-branch111.com,Fuji Spray
Emily Miller,Phoenix Spray Equipment - Branch 112,emily.miller@phoenixsprayequipment-branch112.com,Fuji Spray
James Brown,Woodworkers Supply - Branch 114,james.brown@woodworkerssupply-branch114.com,Fuji Spray
David Miller,Rockler Woodworking - Branch 115,david.miller@rocklerwoodworking-branch115.com,Fuji Spray
James Brown,Rockler Woodworking - Branch 116,james@rocklerwoodworking-branch116.com,Fuji Spray
Michael Smith,Cogent Bathtub Refinishing - Branch 117,michael.smith@cogentbathtubrefinishing-branch117.com,Fuji Spray
Jessica Miller,Gleason Paint - Branch 118,jmiller@gleasonpaint-branch118.com,Fuji Spray
Emily Davis,Industrial Finishes - Branch 120,emilyd@industrialfinishes-branch120.com,Fuji Spray
William Miller,Ninos Machinery Repair - Branch 121,williamm@ninosmachineryrepair-branch121.com,Fuji Spray
Jessica Smith,Ninos Machinery Repair - Branch 122,jessica@ninosmachineryrepair-branch122.com,Fuji Spray
William Williams,Phoenix Spray Equipment - Branch 123,william@phoenixsprayequipment-branch123.com,Fuji Spray
Jessica Jones,Highland Woodworking - Branch 124,jjones@highlandwoodworking-branch124.com,Fuji Spray
Michael Johnson,Spray System Store - Branch 125,michaeljohnson@spraysystemstore-branch125.com,Fuji Spray
Michael Jones,Phoenix Spray Equipment - Branch 126,michael.jones@phoenixsprayequipment-branch126.com,Fuji Spray
William Davis,Gleason Paint - Branch 127,william.davis@gleasonpaint-branch127.com,Fuji Spray
Robert Jones,Acme Tools - Branch 128,robert.jones@acmetools-branch128.com,Fuji Spray
John Smith,Phoenix Spray Equipment - Branch 129,john.smith@phoenixsprayequipment-branch129.com,Fuji Spray
Sarah Johnson,JN Equipment - Branch 130,sarah.johnson@jnequipment-branch130.com,Fuji Spray
Michael Smith,Rockler Woodworking - Branch 131,michaelsmith@rocklerwoodworking-branch131.com,Fuji Spray
Emily Miller,The Paint People - Branch 132,emily.miller@thepaintpeople-branch132.com,Fuji Spray
William Davis,Gleason Paint - Branch 133,william.davis@gleasonpaint-branch133.com,Fuji Spray
Emily Smith,Gleason Paint - Branch 134,emily.smith@gleasonpaint-branch134.com,Fuji Spray
James Davis,Woodworkers Supply - Branch 135,james.davis@woodworkerssupply-branch135.com,Fuji Spray
James Miller,Ninos Machinery Repair - Branch 137,james.miller@ninosmachineryrepair-branch137.com,Fuji Spray
Emily Williams,Rockler Woodworking - Branch 138,emily.williams@rocklerwoodworking-branch138.com,Fuji Spray
Emily Williams,Spray System Store - Branch 139,emilyw@spraysystemstore-branch139.com,Fuji Spray
Emily Johnson,Phoenix Spray Equipment - Branch 140,emily.johnson@phoenixsprayequipment-branch140.com,Fuji Spray
James Johnson,Highland Woodworking - Branch 141,james@highlandwoodworking-branch141.com,Fuji Spray
Jessica Brown,Industrial Finishes - Branch 142,jessicab@industrialfinishes-branch142.com,Fuji Spray
Sarah Jones,Acme Tools - Branch 144,sarahjones@acmetools-branch144.com,Fuji Spray
William Jones,Phelps Refinishing - Branch 145,william.jones@phelpsrefinishing-branch145.com,Fuji Spray
Robert Williams,Phelps Refinishing - Branch 146,robert.williams@phelpsrefinishing-branch146.com,Fuji Spray
Emily Williams,The Paint People - Branch 147,emily.williams@thepaintpeople-branch147.com,Fuji Spray
William Johnson,Gleason Paint - Branch 148,william@gleasonpaint-branch148.com,Fuji Spray
John Johnson,Highland Woodworking - Branch 149,johnj@highlandwoodworking-branch149.com,Fuji Spray
David Miller,Tanning Supply Outlet,david.miller@tanningsupplyoutlet.com,Fuji Spray
Michael Miller,SprayGunner,michael.miller@spraygunner.com,Fuji Spray
William Brown,Eastwood Company,william.brown@eastwoodcompany.com,Fuji Spray
David Williams,Tanning Supply Outlet,david.williams@tanningsupplyoutlet.com,Fuji Spray
Emily Jones,The Sunless Store,emily.jones@thesunlessstore.com,Fuji Spray
Jessica Williams,Mobile Tanning Supplies,jessica.williams@mobiletanningsupplies.com,Fuji Spray
William Williams,Bronze Beauty Systems,william.williams@bronzebeautysystems.com,Fuji Spray
William Miller,Tanning Supply Outlet,william.miller@tanningsupplyoutlet.com,Fuji Spray
David Williams,Auto Body Toolmart,david.williams@autobodytoolmart.com,Fuji Spray
William Johnson,Fuji Spray UK,william.johnson@fujisprayuk.com,Fuji Spray
Emily Jones,Tanning Supply Outlet,emily.jones@tanningsupplyoutlet.com,Fuji Spray
Emily Williams,Bronze Beauty Systems,emily.williams@bronzebeautysystems.com,Fuji Spray
John Williams,The Sunless Store - Location 12,john.williams@thesunlessstore-location12.com,Fuji Spray
Sarah Johnson,Sunless Direct - Location 13,sarah.johnson@sunlessdirect-location13.com,Fuji Spray
John Brown,The Sunless Store - Location 14,john.brown@thesunlessstore-location14.com,Fuji Spray
William Smith,TCP Global - Location 15,william.smith@tcpglobal-location15.com,Fuji Spray
William Jones,European Finishing Equipment - Location 16,william.jones@europeanfinishingequipment-location16.com,Fuji Spray
John Jones,Eastwood Company - Location 17,john.jones@eastwoodcompany-location17.com,Fuji Spray
John Smith,The Sunless Store - Location 18,john.smith@thesunlessstore-location18.com,Fuji Spray
David Davis,Auto Body Toolmart - Location 19,david.davis@autobodytoolmart-location19.com,Fuji Spray
Michael Brown,The Sunless Store - Location 20,michael.brown@thesunlessstore-location20.com,Fuji Spray
James Smith,Sunless Direct - Location 21,james.smith@sunlessdirect-location21.com,Fuji Spray
Sarah Davis,TCP Global - Location 22,sarah.davis@tcpglobal-location22.com,Fuji Spray
John Davis,Sunless Direct - Location 23,john.davis@sunlessdirect-location23.com,Fuji Spray
Sarah Davis,Tanning Supply Outlet - Location 24,sarah.davis@tanningsupplyoutlet-location24.com,Fuji Spray
John Williams,Tanning Supply Outlet - Location 25,john.williams@tanningsupplyoutlet-location25.com,Fuji Spray
Sarah Davis,Eastwood Company - Location 26,sarah.davis@eastwoodcompany-location26.com,Fuji Spray
John Johnson,Bronze Beauty Systems - Location 27,john.johnson@bronzebeautysystems-location27.com,Fuji Spray
Emily Miller,Fuji Spray Australia - Location 28,emily.miller@fujisprayaustralia-location28.com,Fuji Spray
Emily Brown,Fuji Spray UK - Location 29,emily.brown@fujisprayuk-location29.com,Fuji Spray
Jessica Davis,Sunless Direct - Location 30,jessica.davis@sunlessdirect-location30.com,Fuji Spray
Robert Williams,Mobile Tanning Supplies - Location 31,robert.williams@mobiletanningsupplies-location31.com,Fuji Spray
Emily Miller,SprayGunner - Location 32,emily.miller@spraygunner-location32.com,Fuji Spray
John Jones,Fuji Spray UK - Location 33,john.jones@fujisprayuk-location33.com,Fuji Spray
Emily Johnson,SprayGunner - Location 34,emily.johnson@spraygunner-location34.com,Fuji Spray
Sarah Williams,The Sunless Store - Location 35,sarah.williams@thesunlessstore-location35.com,Fuji Spray
Sarah Williams,Eastwood Company - Location 36,sarah.williams@eastwoodcompany-location36.com,Fuji Spray
Robert Brown,Auto Body Toolmart - Location 37,robert.brown@autobodytoolmart-location37.com,Fuji Spray
Michael Miller,Fuji Spray UK - Location 38,michael.miller@fujisprayuk-location38.com,Fuji Spray
Sarah Brown,Auto Body Toolmart - Location 39,sarah.brown@autobodytoolmart-location39.com,Fuji Spray
James Brown,Fuji Spray UK - Location 40,james.brown@fujisprayuk-location40.com,Fuji Spray
Michael Miller,TCP Global - Location 41,michael.miller@tcpglobal-location41.com,Fuji Spray
Michael Smith,European Finishing Equipment - Location 42,michael.smith@europeanfinishingequipment-location42.com,Fuji Spray
Michael Johnson,Eastwood Company - Location 43,michael.johnson@eastwoodcompany-location43.com,Fuji Spray
Michael Brown,Fuji Spray Australia - Location 44,michael.brown@fujisprayaustralia-location44.com,Fuji Spray
Jessica Jones,Fuji Spray UK - Location 45,jessica.jones@fujisprayuk-location45.com,Fuji Spray
William Davis,Tanning Supply Outlet - Location 46,william.davis@tanningsupplyoutlet-location46.com,Fuji Spray
Emily Smith,SprayGunner - Location 47,emily.smith@spraygunner-location47.com,Fuji Spray
Michael Davis,SprayGunner - Location 48,michael.davis@spraygunner-location48.com,Fuji Spray
Robert Miller,Auto Body Toolmart - Location 49,robert.miller@autobodytoolmart-location49.com,Fuji Spray
Emily Davis,Auto Body Toolmart - Location 50,emily.davis@autobodytoolmart-location50.com,Fuji Spray
Sarah Smith,Sunless Direct - Location 51,sarah.smith@sunlessdirect-location51.com,Fuji Spray
Sarah Smith,Fuji Spray Australia - Location 52,sarah.smith@fujisprayaustralia-location52.com,Fuji Spray
Michael Brown,Fuji Spray Australia - Location 53,michael.brown@fujisprayaustralia-location53.com,Fuji Spray
Robert Smith,SprayGunner - Location 54,robert.smith@spraygunner-location54.com,Fuji Spray
William Brown,European Finishing Equipment - Location 55,william.brown@europeanfinishingequipment-location55.com,Fuji Spray
James Davis,Tanning Supply Outlet - Location 56,james.davis@tanningsupplyoutlet-location56.com,Fuji Spray
William Miller,Sunless Direct - Location 57,william.miller@sunlessdirect-location57.com,Fuji Spray
David Smith,Mobile Tanning Supplies - Location 58,david.smith@mobiletanningsupplies-location58.com,Fuji Spray
Emily Johnson,European Finishing Equipment - Location 59,emily.johnson@europeanfinishingequipment-location59.com,Fuji Spray
Sarah Williams,Tanning Supply Outlet - Location 60,sarah.williams@tanningsupplyoutlet-location60.com,Fuji Spray
Michael Miller,European Finishing Equipment - Location 61,michael.miller@europeanfinishingequipment-location61.com,Fuji Spray
Michael Williams,Bronze Beauty Systems - Location 62,michael.williams@bronzebeautysystems-location62.com,Fuji Spray
James Smith,Tanning Supply Outlet - Location 63,james.smith@tanningsupplyoutlet-location63.com,Fuji Spray
William Johnson,Sunless Direct - Location 64,william.johnson@sunlessdirect-location64.com,Fuji Spray
Michael Williams,Fuji Spray Australia - Location 65,michael.williams@fujisprayaustralia-location65.com,Fuji Spray
Emily Smith,SprayGunner - Location 66,emily.smith@spraygunner-location66.com,Fuji Spray
Michael Brown,Mobile Tanning Supplies - Location 67,michael.brown@mobiletanningsupplies-location67.com,Fuji Spray
Robert Johnson,SprayGunner - Location 68,robert.johnson@spraygunner-location68.com,Fuji Spray
William Davis,Fuji Spray Australia - Location 69,william.davis@fujisprayaustralia-location69.com,Fuji Spray
Michael Williams,TCP Global - Location 70,michael.williams@tcpglobal-location70.com,Fuji Spray
Emily Williams,Fuji Spray Australia - Location 71,emily.williams@fujisprayaustralia-location71.com,Fuji Spray
David Jones,Fuji Spray UK - Location 72,david.jones@fujisprayuk-location72.com,Fuji Spray
Jessica Brown,Eastwood Company - Location 73,jessica.brown@eastwoodcompany-location73.com,Fuji Spray
Jessica Smith,Mobile Tanning Supplies - Location 74,jessica.smith@mobiletanningsupplies-location74.com,Fuji Spray
John Miller,The Sunless Store - Location 75,john.miller@thesunlessstore-location75.com,Fuji Spray
Michael Miller,Bronze Beauty Systems - Location 76,michael.miller@bronzebeautysystems-location76.com,Fuji Spray
Jessica Smith,Sunless Direct - Location 77,jessica.smith@sunlessdirect-location77.com,Fuji Spray
John Brown,SprayGunner - Location 78,john.brown@spraygunner-location78.com,Fuji Spray
William Williams,European Finishing Equipment - Location 79,william.williams@europeanfinishingequipment-location79.com,Fuji Spray
Robert Brown,Eastwood Company - Location 80,robert.brown@eastwoodcompany-location80.com,Fuji Spray
William Jones,TCP Global - Location 81,william.jones@tcpglobal-location81.com,Fuji Spray
Emily Miller,The Sunless Store - Location 82,emily.miller@thesunlessstore-location82.com,Fuji Spray
James Johnson,Auto Body Toolmart - Location 83,james.johnson@autobodytoolmart-location83.com,Fuji Spray
David Williams,European Finishing Equipment - Location 84,david.williams@europeanfinishingequipment-location84.com,Fuji Spray
Emily Brown,Eastwood Company - Location 85,emily.brown@eastwoodcompany-location85.com,Fuji Spray
Emily Jones,Tanning Supply Outlet - Location 86,emily.jones@tanningsupplyoutlet-location86.com,Fuji Spray
David Jones,TCP Global - Location 87,david.jones@tcpglobal-location87.com,Fuji Spray
David Miller,The Sunless Store - Location 88,david.miller@thesunlessstore-location88.com,Fuji Spray
Robert Davis,European Finishing Equipment - Location 89,robert.davis@europeanfinishingequipment-location89.com,Fuji Spray
Emily Jones,Fuji Spray UK - Location 90,emily.jones@fujisprayuk-location90.com,Fuji Spray
James Smith,Fuji Spray UK - Location 91,james.smith@fujisprayuk-location91.com,Fuji Spray
James Davis,Eastwood Company - Location 92,james.davis@eastwoodcompany-location92.com,Fuji Spray
William Williams,SprayGunner - Location 93,william.williams@spraygunner-location93.com,Fuji Spray
Robert Williams,TCP Global - Location 94,robert.williams@tcpglobal-location94.com,Fuji Spray
James Williams,Sunless Direct - Location 95,james.williams@sunlessdirect-location95.com,Fuji Spray
James Brown,TCP Global - Location 96,james.brown@tcpglobal-location96.com,Fuji Spray
William Johnson,SprayGunner - Location 97,william.johnson@spraygunner-location97.com,Fuji Spray
Sarah Johnson,Fuji Spray Australia - Location 98,sarah.johnson@fujisprayaustralia-location98.com,Fuji Spray
Jessica Smith,TCP Global - Location 99,jessica@tcpglobal-location99.com,Fuji Spray
Jessica Williams,Fuji Spray UK - Location 100,jessica.williams@fujisprayuk-location100.com,Fuji Spray
John Williams,Fuji Spray UK - Location 101,john.williams@fujisprayuk-location101.com,Fuji Spray
Emily Jones,Tanning Supply Outlet - Location 102,emily.jones@tanningsupplyoutlet-location102.com,Fuji Spray
John Davis,The Sunless Store - Location 103,john.davis@thesunlessstore-location103.com,Fuji Spray
Emily Davis,Fuji Spray UK - Location 104,emily.davis@fujisprayuk-location104.com,Fuji Spray
Michael Miller,Fuji Spray UK - Location 105,michael@fujisprayuk-location105.com,Fuji Spray
Sarah Brown,Bronze Beauty Systems - Location 106,sarah.brown@bronzebeautysystems-location106.com,Fuji Spray
Emily Miller,Bronze Beauty Systems - Location 107,emily.miller@bronzebeautysystems-location107.com,Fuji Spray
Jessica Jones,European Finishing Equipment - Location 108,jessica.jones@europeanfinishingequipment-location108.com,Fuji Spray
David Davis,Tanning Supply Outlet - Location 109,david.davis@tanningsupplyoutlet-location109.com,Fuji Spray
James Johnson,Tanning Supply Outlet - Location 110,james.johnson@tanningsupplyoutlet-location110.com,Fuji Spray
Robert Miller,Sunless Direct - Location 111,robert.miller@sunlessdirect-location111.com,Fuji Spray
William Jones,Fuji Spray Australia - Location 112,william.jones@fujisprayaustralia-location112.com,Fuji Spray
Jessica Miller,Sunless Direct - Location 113,jessica.miller@sunlessdirect-location113.com,Fuji Spray
David Davis,Tanning Supply Outlet - Location 114,david.davis@tanningsupplyoutlet-location114.com,Fuji Spray
Robert Davis,European Finishing Equipment - Location 115,robert.davis@europeanfinishingequipment-location115.com,Fuji Spray
James Miller,Tanning Supply Outlet - Location 116,james.miller@tanningsupplyoutlet-location116.com,Fuji Spray
Emily Brown,Bronze Beauty Systems - Location 117,emily.brown@bronzebeautysystems-location117.com,Fuji Spray
James Smith,The Sunless Store - Location 118,james@thesunlessstore-location118.com,Fuji Spray
Jessica Smith,SprayGunner - Location 119,jessica.smith@spraygunner-location119.com,Fuji Spray
