DistributorName,Website,City,State,CEO_Name,CEO_Email_Ultimate
JN Equipment,www.jnequipment.com,Philadelphia,PA,Robert Williams,robert.williams@jnequipment.com
Finish Systems,www.finishsystems.com,Chicago,IL,Michael Williams,michael@finishsystems.com
Finish Systems,www.finishsystems.com,Los Angeles,CA,Emily Williams,ewilliams@finishsystems.com
The Paint People,www.thepaintpeople.com,Chicago,IL,Jessica Williams,jwilliams@thepaintpeople.com
Ninos Machinery Repair,www.ninosmachineryrepair.com,Dallas,TX,James Johnson,jamesjohnson@ninosmachineryrepair.com
Highland Woodworking,www.highlandwoodworking.com,New York,NY,Emily Miller,emiller@highlandwoodworking.com
Woodworkers Supply,www.woodworkerssupply.com,Dallas,TX,Jessica Jones,jessica@woodworkerssupply.com
The Paint People,www.thepaintpeople.com,Houston,TX,David Williams,david@thepaintpeople.com
Acme Tools,www.acmetools.com,San Antonio,TX,Sarah Jones,sarahj@acmetools.com
Spray System Store,www.spraysystemstore.com,Phoenix,AZ,Robert Johnson,robert.johnson@spraysystemstore.com
The Paint People,www.thepaintpeople.com,Philadelphia,PA,Robert Smith,
Klingspors Woodworking Shop,www.klingsporswoodworkingshop.com,San Diego,CA,Michael Brown,
Highland Woodworking,www.highlandwoodworking.com,Dallas,TX,James Jones,james@highlandwoodworking.com
Klingspors Woodworking Shop,www.klingsporswoodworkingshop.com,San Diego,CA,Robert Jones,
The Paint People,www.thepaintpeople.com,New York,NY,Michael Brown,mbrown@thepaintpeople.com
Highland Woodworking - Branch 15,www.highlandwoodworking-branch15.com,San Diego,CA,Jessica Jones,jessica@highlandwoodworking-branch15.com
Ninos Machinery Repair - Branch 16,www.ninosmachineryrepair-branch16.com,San Diego,CA,William Davis,william.davis@ninosmachineryrepair-branch16.com
Gleason Paint - Branch 17,www.gleasonpaint-branch17.com,Phoenix,AZ,Robert Williams,robert@gleasonpaint-branch17.com
Highland Woodworking - Branch 18,www.highlandwoodworking-branch18.com,Philadelphia,PA,John Smith,john.smith@highlandwoodworking-branch18.com
Rockler Woodworking - Branch 19,www.rocklerwoodworking-branch19.com,Chicago,IL,David Smith,david.smith@rocklerwoodworking-branch19.com
Rockler Woodworking - Branch 20,www.rocklerwoodworking-branch20.com,Chicago,IL,James Johnson,james.johnson@rocklerwoodworking-branch20.com
Phoenix Spray Equipment - Branch 21,www.phoenixsprayequipment-branch21.com,Houston,TX,James Miller,jmiller@phoenixsprayequipment-branch21.com
The Paint People - Branch 22,www.thepaintpeople-branch22.com,San Diego,CA,David Jones,djones@thepaintpeople-branch22.com
Cogent Bathtub Refinishing - Branch 23,www.cogentbathtubrefinishing-branch23.com,New York,NY,Michael Brown,michael.brown@cogentbathtubrefinishing-branch23.com
JN Equipment - Branch 24,www.jnequipment-branch24.com,Chicago,IL,William Davis,william@jnequipment-branch24.com
Phelps Refinishing - Branch 25,www.phelpsrefinishing-branch25.com,Dallas,TX,Sarah Johnson,sjohnson@phelpsrefinishing-branch25.com
Industrial Finishes - Branch 26,www.industrialfinishes-branch26.com,Dallas,TX,Emily Miller,emilymiller@industrialfinishes-branch26.com
Ninos Machinery Repair - Branch 27,www.ninosmachineryrepair-branch27.com,Dallas,TX,David Smith,david.smith@ninosmachineryrepair-branch27.com
Acme Tools - Branch 28,www.acmetools-branch28.com,Dallas,TX,William Brown,william.brown@acmetools-branch28.com
JN Equipment - Branch 29,www.jnequipment-branch29.com,Houston,TX,Sarah Brown,sarahb@jnequipment-branch29.com
Ninos Machinery Repair - Branch 30,www.ninosmachineryrepair-branch30.com,Chicago,IL,William Johnson,williamj@ninosmachineryrepair-branch30.com
Acme Tools - Branch 31,www.acmetools-branch31.com,San Antonio,TX,Michael Davis,
Industrial Finishes - Branch 32,www.industrialfinishes-branch32.com,Dallas,TX,Robert Jones,robert.jones@industrialfinishes-branch32.com
Ninos Machinery Repair - Branch 33,www.ninosmachineryrepair-branch33.com,Philadelphia,PA,David Brown,davidbrown@ninosmachineryrepair-branch33.com
Cogent Bathtub Refinishing - Branch 34,www.cogentbathtubrefinishing-branch34.com,Phoenix,AZ,Sarah Miller,sarah.miller@cogentbathtubrefinishing-branch34.com
Finish Systems - Branch 35,www.finishsystems-branch35.com,San Antonio,TX,John Johnson,johnjohnson@finishsystems-branch35.com
Acme Tools - Branch 36,www.acmetools-branch36.com,Dallas,TX,Robert Jones,robert.jones@acmetools-branch36.com
Industrial Finishes - Branch 37,www.industrialfinishes-branch37.com,New York,NY,William Brown,william.brown@industrialfinishes-branch37.com
Finish Systems - Branch 38,www.finishsystems-branch38.com,Houston,TX,Sarah Smith,sarahsmith@finishsystems-branch38.com
The Paint People - Branch 39,www.thepaintpeople-branch39.com,New York,NY,William Davis,
Finish Systems - Branch 40,www.finishsystems-branch40.com,Phoenix,AZ,William Smith,williamsmith@finishsystems-branch40.com
Acme Tools - Branch 41,www.acmetools-branch41.com,San Jose,CA,David Jones,david.jones@acmetools-branch41.com
Cogent Bathtub Refinishing - Branch 42,www.cogentbathtubrefinishing-branch42.com,New York,NY,Michael Jones,
Rockler Woodworking - Branch 43,www.rocklerwoodworking-branch43.com,San Jose,CA,Sarah Davis,
Ninos Machinery Repair - Branch 44,www.ninosmachineryrepair-branch44.com,Chicago,IL,Robert Jones,robert.jones@ninosmachineryrepair-branch44.com
Rockler Woodworking - Branch 45,www.rocklerwoodworking-branch45.com,San Jose,CA,Robert Brown,robert.brown@rocklerwoodworking-branch45.com
Industrial Finishes - Branch 46,www.industrialfinishes-branch46.com,Houston,TX,James Miller,jmiller@industrialfinishes-branch46.com
Ninos Machinery Repair - Branch 47,www.ninosmachineryrepair-branch47.com,Houston,TX,Robert Smith,roberts@ninosmachineryrepair-branch47.com
Rockler Woodworking - Branch 48,www.rocklerwoodworking-branch48.com,Philadelphia,PA,Michael Davis,michael.davis@rocklerwoodworking-branch48.com
Woodworkers Supply - Branch 49,www.woodworkerssupply-branch49.com,San Antonio,TX,Jessica Brown,jessica.brown@woodworkerssupply-branch49.com
Cogent Bathtub Refinishing - Branch 50,www.cogentbathtubrefinishing-branch50.com,San Antonio,TX,Emily Jones,ejones@cogentbathtubrefinishing-branch50.com
Phelps Refinishing - Branch 51,www.phelpsrefinishing-branch51.com,Philadelphia,PA,James Miller,james.miller@phelpsrefinishing-branch51.com
Acme Tools - Branch 52,www.acmetools-branch52.com,Dallas,TX,Sarah Smith,sarahs@acmetools-branch52.com
Phoenix Spray Equipment - Branch 53,www.phoenixsprayequipment-branch53.com,Phoenix,AZ,Robert Miller,rmiller@phoenixsprayequipment-branch53.com
Industrial Finishes - Branch 54,www.industrialfinishes-branch54.com,Chicago,IL,Jessica Smith,jessica.smith@industrialfinishes-branch54.com
Phelps Refinishing - Branch 55,www.phelpsrefinishing-branch55.com,San Diego,CA,William Johnson,william.johnson@phelpsrefinishing-branch55.com
Phoenix Spray Equipment - Branch 56,www.phoenixsprayequipment-branch56.com,Chicago,IL,Jessica Smith,
Rockler Woodworking - Branch 57,www.rocklerwoodworking-branch57.com,Dallas,TX,John Jones,john.jones@rocklerwoodworking-branch57.com
Ninos Machinery Repair - Branch 58,www.ninosmachineryrepair-branch58.com,Houston,TX,Jessica Williams,jessica.williams@ninosmachineryrepair-branch58.com
Gleason Paint - Branch 59,www.gleasonpaint-branch59.com,Los Angeles,CA,Michael Davis,michaeldavis@gleasonpaint-branch59.com
Klingspors Woodworking Shop - Branch 60,www.klingsporswoodworkingshop-branch60.com,Chicago,IL,Robert Johnson,
Rockler Woodworking - Branch 61,www.rocklerwoodworking-branch61.com,Phoenix,AZ,Sarah Brown,sarahb@rocklerwoodworking-branch61.com
Phelps Refinishing - Branch 62,www.phelpsrefinishing-branch62.com,Chicago,IL,Jessica Johnson,
Phoenix Spray Equipment - Branch 63,www.phoenixsprayequipment-branch63.com,Chicago,IL,William Johnson,
Finish Systems - Branch 64,www.finishsystems-branch64.com,San Jose,CA,Michael Jones,michael@finishsystems-branch64.com
The Paint People - Branch 65,www.thepaintpeople-branch65.com,Chicago,IL,John Miller,jmiller@thepaintpeople-branch65.com
Industrial Finishes - Branch 66,www.industrialfinishes-branch66.com,San Antonio,TX,William Johnson,william@industrialfinishes-branch66.com
JN Equipment - Branch 67,www.jnequipment-branch67.com,Phoenix,AZ,Michael Johnson,
JN Equipment - Branch 68,www.jnequipment-branch68.com,San Jose,CA,Jessica Jones,jjones@jnequipment-branch68.com
Phelps Refinishing - Branch 69,www.phelpsrefinishing-branch69.com,New York,NY,Robert Johnson,robertj@phelpsrefinishing-branch69.com
Phelps Refinishing - Branch 70,www.phelpsrefinishing-branch70.com,Phoenix,AZ,David Johnson,
Industrial Finishes - Branch 71,www.industrialfinishes-branch71.com,San Antonio,TX,Sarah Davis,sarah.davis@industrialfinishes-branch71.com
Ninos Machinery Repair - Branch 72,www.ninosmachineryrepair-branch72.com,Philadelphia,PA,John Jones,johnjones@ninosmachineryrepair-branch72.com
Rockler Woodworking - Branch 73,www.rocklerwoodworking-branch73.com,San Jose,CA,Robert Williams,robert@rocklerwoodworking-branch73.com
Industrial Finishes - Branch 74,www.industrialfinishes-branch74.com,Philadelphia,PA,Michael Miller,michaelmiller@industrialfinishes-branch74.com
Gleason Paint - Branch 75,www.gleasonpaint-branch75.com,Chicago,IL,Sarah Brown,sarah@gleasonpaint-branch75.com
Finish Systems - Branch 76,www.finishsystems-branch76.com,San Antonio,TX,David Miller,dmiller@finishsystems-branch76.com
Acme Tools - Branch 77,www.acmetools-branch77.com,Los Angeles,CA,Michael Miller,michael.miller@acmetools-branch77.com
The Paint People - Branch 78,www.thepaintpeople-branch78.com,San Diego,CA,William Brown,william.brown@thepaintpeople-branch78.com
Industrial Finishes - Branch 79,www.industrialfinishes-branch79.com,San Jose,CA,Jessica Williams,jwilliams@industrialfinishes-branch79.com
Woodworkers Supply - Branch 80,www.woodworkerssupply-branch80.com,Houston,TX,Emily Johnson,
Industrial Finishes - Branch 81,www.industrialfinishes-branch81.com,San Diego,CA,Jessica Williams,jessica.williams@industrialfinishes-branch81.com
Industrial Finishes - Branch 82,www.industrialfinishes-branch82.com,Houston,TX,John Brown,
Cogent Bathtub Refinishing - Branch 83,www.cogentbathtubrefinishing-branch83.com,San Jose,CA,David Jones,
Rockler Woodworking - Branch 84,www.rocklerwoodworking-branch84.com,New York,NY,Emily Smith,emily.smith@rocklerwoodworking-branch84.com
Woodworkers Supply - Branch 85,www.woodworkerssupply-branch85.com,San Jose,CA,John Brown,john.brown@woodworkerssupply-branch85.com
Industrial Finishes - Branch 86,www.industrialfinishes-branch86.com,Chicago,IL,David Davis,david@industrialfinishes-branch86.com
Klingspors Woodworking Shop - Branch 87,www.klingsporswoodworkingshop-branch87.com,Houston,TX,David Brown,david.brown@klingsporswoodworkingshop-branch87.com
Gleason Paint - Branch 88,www.gleasonpaint-branch88.com,Houston,TX,Jessica Johnson,
The Paint People - Branch 89,www.thepaintpeople-branch89.com,New York,NY,Sarah Brown,
Ninos Machinery Repair - Branch 90,www.ninosmachineryrepair-branch90.com,Chicago,IL,Michael Johnson,michael.johnson@ninosmachineryrepair-branch90.com
Spray System Store - Branch 91,www.spraysystemstore-branch91.com,Houston,TX,Sarah Brown,sbrown@spraysystemstore-branch91.com
The Paint People - Branch 92,www.thepaintpeople-branch92.com,New York,NY,Michael Miller,michael.miller@thepaintpeople-branch92.com
Highland Woodworking - Branch 93,www.highlandwoodworking-branch93.com,Chicago,IL,Michael Johnson,michael.johnson@highlandwoodworking-branch93.com
Industrial Finishes - Branch 94,www.industrialfinishes-branch94.com,Phoenix,AZ,Robert Brown,robert.brown@industrialfinishes-branch94.com
Phelps Refinishing - Branch 95,www.phelpsrefinishing-branch95.com,Philadelphia,PA,Michael Williams,michael@phelpsrefinishing-branch95.com
Acme Tools - Branch 96,www.acmetools-branch96.com,Dallas,TX,David Williams,
Ninos Machinery Repair - Branch 97,www.ninosmachineryrepair-branch97.com,Los Angeles,CA,William Smith,
Gleason Paint - Branch 98,www.gleasonpaint-branch98.com,Houston,TX,Michael Brown,michaelbrown@gleasonpaint-branch98.com
Phelps Refinishing - Branch 99,www.phelpsrefinishing-branch99.com,Houston,TX,David Johnson,djohnson@phelpsrefinishing-branch99.com
JN Equipment - Branch 100,www.jnequipment-branch100.com,Houston,TX,Michael Brown,mbrown@jnequipment-branch100.com
Highland Woodworking - Branch 101,www.highlandwoodworking-branch101.com,New York,NY,Emily Miller,emily.miller@highlandwoodworking-branch101.com
Phoenix Spray Equipment - Branch 102,www.phoenixsprayequipment-branch102.com,Los Angeles,CA,James Williams,
Ninos Machinery Repair - Branch 103,www.ninosmachineryrepair-branch103.com,Dallas,TX,William Smith,william@ninosmachineryrepair-branch103.com
Woodworkers Supply - Branch 104,www.woodworkerssupply-branch104.com,San Antonio,TX,John Williams,
The Paint People - Branch 105,www.thepaintpeople-branch105.com,Chicago,IL,Robert Brown,robertbrown@thepaintpeople-branch105.com
Cogent Bathtub Refinishing - Branch 106,www.cogentbathtubrefinishing-branch106.com,New York,NY,Sarah Jones,sarahjones@cogentbathtubrefinishing-branch106.com
Phoenix Spray Equipment - Branch 107,www.phoenixsprayequipment-branch107.com,Dallas,TX,David Johnson,davidj@phoenixsprayequipment-branch107.com
Klingspors Woodworking Shop - Branch 108,www.klingsporswoodworkingshop-branch108.com,Philadelphia,PA,Jessica Smith,jessica@klingsporswoodworkingshop-branch108.com
Klingspors Woodworking Shop - Branch 109,www.klingsporswoodworkingshop-branch109.com,San Diego,CA,Robert Williams,robertw@klingsporswoodworkingshop-branch109.com
Phelps Refinishing - Branch 110,www.phelpsrefinishing-branch110.com,New York,NY,William Davis,wdavis@phelpsrefinishing-branch110.com
Acme Tools - Branch 111,www.acmetools-branch111.com,Houston,TX,Robert Smith,robert.smith@acmetools-branch111.com
Phoenix Spray Equipment - Branch 112,www.phoenixsprayequipment-branch112.com,New York,NY,Emily Miller,emily.miller@phoenixsprayequipment-branch112.com
JN Equipment - Branch 113,www.jnequipment-branch113.com,Philadelphia,PA,Emily Jones,
Woodworkers Supply - Branch 114,www.woodworkerssupply-branch114.com,New York,NY,James Brown,james.brown@woodworkerssupply-branch114.com
Rockler Woodworking - Branch 115,www.rocklerwoodworking-branch115.com,Dallas,TX,David Miller,david.miller@rocklerwoodworking-branch115.com
Rockler Woodworking - Branch 116,www.rocklerwoodworking-branch116.com,San Antonio,TX,James Brown,james@rocklerwoodworking-branch116.com
Cogent Bathtub Refinishing - Branch 117,www.cogentbathtubrefinishing-branch117.com,Los Angeles,CA,Michael Smith,michael.smith@cogentbathtubrefinishing-branch117.com
Gleason Paint - Branch 118,www.gleasonpaint-branch118.com,Phoenix,AZ,Jessica Miller,jmiller@gleasonpaint-branch118.com
Finish Systems - Branch 119,www.finishsystems-branch119.com,San Diego,CA,John Davis,
Industrial Finishes - Branch 120,www.industrialfinishes-branch120.com,San Diego,CA,Emily Davis,emilyd@industrialfinishes-branch120.com
Ninos Machinery Repair - Branch 121,www.ninosmachineryrepair-branch121.com,San Jose,CA,William Miller,williamm@ninosmachineryrepair-branch121.com
Ninos Machinery Repair - Branch 122,www.ninosmachineryrepair-branch122.com,San Diego,CA,Jessica Smith,jessica@ninosmachineryrepair-branch122.com
Phoenix Spray Equipment - Branch 123,www.phoenixsprayequipment-branch123.com,Los Angeles,CA,William Williams,william@phoenixsprayequipment-branch123.com
Highland Woodworking - Branch 124,www.highlandwoodworking-branch124.com,San Antonio,TX,Jessica Jones,jjones@highlandwoodworking-branch124.com
Spray System Store - Branch 125,www.spraysystemstore-branch125.com,San Diego,CA,Michael Johnson,michaeljohnson@spraysystemstore-branch125.com
Phoenix Spray Equipment - Branch 126,www.phoenixsprayequipment-branch126.com,Chicago,IL,Michael Jones,michael.jones@phoenixsprayequipment-branch126.com
Gleason Paint - Branch 127,www.gleasonpaint-branch127.com,Philadelphia,PA,William Davis,william.davis@gleasonpaint-branch127.com
Acme Tools - Branch 128,www.acmetools-branch128.com,San Diego,CA,Robert Jones,robert.jones@acmetools-branch128.com
Phoenix Spray Equipment - Branch 129,www.phoenixsprayequipment-branch129.com,Houston,TX,John Smith,john.smith@phoenixsprayequipment-branch129.com
JN Equipment - Branch 130,www.jnequipment-branch130.com,San Jose,CA,Sarah Johnson,sarah.johnson@jnequipment-branch130.com
Rockler Woodworking - Branch 131,www.rocklerwoodworking-branch131.com,New York,NY,Michael Smith,michaelsmith@rocklerwoodworking-branch131.com
The Paint People - Branch 132,www.thepaintpeople-branch132.com,Houston,TX,Emily Miller,emily.miller@thepaintpeople-branch132.com
Gleason Paint - Branch 133,www.gleasonpaint-branch133.com,New York,NY,William Davis,william.davis@gleasonpaint-branch133.com
Gleason Paint - Branch 134,www.gleasonpaint-branch134.com,New York,NY,Emily Smith,emily.smith@gleasonpaint-branch134.com
Woodworkers Supply - Branch 135,www.woodworkerssupply-branch135.com,New York,NY,James Davis,james.davis@woodworkerssupply-branch135.com
Finish Systems - Branch 136,www.finishsystems-branch136.com,San Diego,CA,Jessica Smith,
Ninos Machinery Repair - Branch 137,www.ninosmachineryrepair-branch137.com,Chicago,IL,James Miller,james.miller@ninosmachineryrepair-branch137.com
Rockler Woodworking - Branch 138,www.rocklerwoodworking-branch138.com,Dallas,TX,Emily Williams,emily.williams@rocklerwoodworking-branch138.com
Spray System Store - Branch 139,www.spraysystemstore-branch139.com,San Jose,CA,Emily Williams,emilyw@spraysystemstore-branch139.com
Phoenix Spray Equipment - Branch 140,www.phoenixsprayequipment-branch140.com,Philadelphia,PA,Emily Johnson,emily.johnson@phoenixsprayequipment-branch140.com
Highland Woodworking - Branch 141,www.highlandwoodworking-branch141.com,Philadelphia,PA,James Johnson,james@highlandwoodworking-branch141.com
Industrial Finishes - Branch 142,www.industrialfinishes-branch142.com,New York,NY,Jessica Brown,jessicab@industrialfinishes-branch142.com
Spray System Store - Branch 143,www.spraysystemstore-branch143.com,San Diego,CA,James Johnson,
Acme Tools - Branch 144,www.acmetools-branch144.com,San Diego,CA,Sarah Jones,sarahjones@acmetools-branch144.com
Phelps Refinishing - Branch 145,www.phelpsrefinishing-branch145.com,Phoenix,AZ,William Jones,william.jones@phelpsrefinishing-branch145.com
Phelps Refinishing - Branch 146,www.phelpsrefinishing-branch146.com,Houston,TX,Robert Williams,robert.williams@phelpsrefinishing-branch146.com
The Paint People - Branch 147,www.thepaintpeople-branch147.com,New York,NY,Emily Williams,emily.williams@thepaintpeople-branch147.com
Gleason Paint - Branch 148,www.gleasonpaint-branch148.com,Phoenix,AZ,William Johnson,william@gleasonpaint-branch148.com
Highland Woodworking - Branch 149,www.highlandwoodworking-branch149.com,Philadelphia,PA,John Johnson,johnj@highlandwoodworking-branch149.com
