Company Name,Website Domain,CEO Name
KTBEL Technics Co. Ltd.,ktbel.com,Unknown
Vac-U-Max Asia Pvt. Ltd.,vacumax.in,Unknown
Pneuvay Engineering,pneuvay.com.au,Unknown
Fresco Systems Australasia,frescosystems.com.au,Unknown
ERTEC,ertec.com.br,Unknown
Campex Industrial,campex.mx,Unknown
Pneucon Co. Ltd.,pneucon.co.kr,Unknown
Ideal Earth Solutions Sdn Bhd,idealearth.com.my,Unknown
ARMAC Inc.,armacinc.com,Bob Macdonald
Cino Equipment Co.,cinoequipment.com,Unknown
Effective Controls East Inc.,effectivecontrolseast.com,Unknown
Pittsburgh Spray Equipment Company,pittsburghsprayequip.com,Unknown
Canada Process Equipment,processequipment.ca,Unknown
Dickson Industrial Insight & Innovation,di3.ca,Unknown
Eastern Scientific Sales & Service Co.,easternsci.com,Unknown
MSC Filtration Technologies,mscfiltertech.com,Unknown
New Pig Corporation,newpig.com,Clark Stapelfeld
M.A. Olson Company,maolson.com,Unknown
Bulk Material Equipment,bulkmaterialequipment.com,Thomas Meade
Jim Robbins & Associates Inc.,robbinsassoc.com,Walker Robbins
Solid Design,solidesign.net,John Reinecke
Fluid Engineering Inc.,fluid-eng.com,Unknown
Peneguy Equipment Co.,peco-usa.com,Unknown
Air Cleaning Solutions LLC,aircleaningsolutionstexas.com,William McGlinchey
Pace Company,pacecompany.com,Unknown
Air Cleaning Equipment Inc.,industrialairtreatment.com,Unknown
Industrial Sales Company,industrialsales.net,Unknown
Peter Mook Company,pmprocessco.com,Unknown
Western Process Equipment,westernprocessequipment.com,Unknown
Golden Eagle Technologies LLC,goldeneagletechnologies.com,Unknown
Airpro Inc.,airpro.net,Unknown
Savona Equipment Ltd.,savonaequipment.com,Unknown
SDI Systems Division Inc.,sdisystems.com,Unknown
Nordstrong Equipment Limited,nordstrong.com,Unknown
California Air Conditioning Systems Inc.,californiaair.com,Unknown
Prairie States Industrial Supply LLC,prairiestatesind.com,Doug Sublett
Environmental Air Technology,envairtech.com,Mike Ellis
JESCO Systems,jesco-llc.com,Unknown
Dynacom Inc.,dynacomonline.com,Tony Pfenning
Apex Industrial Solutions,apexsolutionsmn.com,Skylar Rekstad
Trotter Equipment Company,trotterequip.com,Unknown
Maverick Industrial Sales,maverickindustrialsales.com,Unknown
FormPak Inc.,formpakinc.com,Mike Owens
Air Solutions Inc.,airsolutions-inc.com,Unknown
JCI Industries Inc.,jciind.com,Robert "Chip" Toth
