Company,CEO_Name,CEO_Email,Verification_Status
Everon,Don Young,,Empty
Impact Fire Services,Michael Lloyd,,Empty
AECO Systems Inc,James Millerick,,Empty
"Harris Security Systems, LLC",George E. Harris,,Empty
Bergelectric Corporation,John Doe,jdoe@example.com,Invalid Domain/No MX
Dynalectric Company,John Doe,jdoe@example.com,Invalid Domain/No MX
"Hue & Cry, Inc",John Doe,jdoe@example.com,Invalid Domain/No MX
"First Fire Systems, Inc",John Doe,jdoe@example.com,Invalid Domain/No MX
"Global Fire Technologies, Inc",John Doe,jdoe@example.com,Invalid Domain/No MX
Integrated Communication Systems,John Doe,jdoe@example.com,Invalid Domain/No MX
"Cosco Fire Protection, Inc",John Doe,jdoe@example.com,Invalid Domain/No MX
HCI Systems/Pleasanton,John Doe,jdoe@example.com,Invalid Domain/No MX
"E & S Technologies, Inc",John Doe,jdoe@example.com,Invalid Domain/No MX
Enko Systems Inc,John Doe,jdoe@example.com,Invalid Domain/No MX
Coastal Fire Alarm & Integration,John Doe,jdoe@example.com,Invalid Domain/No MX
Building Electronic Controls/San Francisco,John Doe,jdoe@example.com,Invalid Domain/No MX
C10 Fire Alarm,John Doe,jdoe@example.com,Invalid Domain/No MX
Quality Sound Division Of BI-JAMAR Inc,John Doe,jdoe@example.com,Invalid Domain/No MX
Rex Moore Group/Fresno,John Doe,jdoe@example.com,Invalid Domain/No MX
"Point One Electrical Systems, Inc",John Doe,jdoe@example.com,Invalid Domain/No MX
United Systems Fire & Security/San Francisco,John Doe,jdoe@example.com,Invalid Domain/No MX
Rex Moore Group/Sacramento,John Doe,jdoe@example.com,Invalid Domain/No MX
SecureCom/Sacramento,John Doe,jdoe@example.com,Invalid Domain/No MX
Sacramento Control Systems Inc,John Doe,jdoe@example.com,Invalid Domain/No MX
Control Systems/Denver,John Doe,jdoe@example.com,Invalid Domain/No MX
Everon/Denver,John Doe,jdoe@example.com,Invalid Domain/No MX
"AlarmSpecialists, Inc",John Doe,jdoe@example.com,Invalid Domain/No MX
Pye-Barker Fire & Safety/Arvada,John Doe,jdoe@example.com,Invalid Domain/No MX
Convergint Technologies/Centennial,John Doe,jdoe@example.com,Invalid Domain/No MX
"Total Fire & Security Colorado, LLC",John Doe,jdoe@example.com,Invalid Domain/No MX
"Control Alarm, Inc",John Doe,jdoe@example.com,Invalid Domain/No MX
Convergint Technologies/Connecticut,John Doe,jdoe@example.com,Invalid Domain/No MX
Summit Fire Protection/Denver,John Doe,jdoe@example.com,Invalid Domain/No MX
Meridian Fire & Security LLC,John Doe,jdoe@example.com,Invalid Domain/No MX
Encore Fire Protection/Connecticut,John Doe,jdoe@example.com,Invalid Domain/No MX
"Wayman Fire Protection, Inc",John Doe,jdoe@example.com,Invalid Domain/No MX
Valley Fire and Security,John Doe,jdoe@example.com,Invalid Domain/No MX
"TPC Associates, Inc",John Doe,jdoe@example.com,Invalid Domain/No MX
"The H R Kirkland Company, Inc",John Doe,jdoe@example.com,Invalid Domain/No MX
Security Instrument Corporation,John Doe,jdoe@example.com,Invalid Domain/No MX
Control Systems/Orlando,John Doe,jdoe@example.com,Invalid Domain/No MX
Convergint Technologies/Orlando,John Doe,jdoe@example.com,Invalid Domain/No MX
Everon/Connecticut,John Doe,jdoe@example.com,Invalid Domain/No MX
Convergint Technologies/Miramar,John Doe,jdoe@example.com,Invalid Domain/No MX
Control Systems/Pensacola,John Doe,jdoe@example.com,Invalid Domain/No MX
Everon/Orlando,John Doe,jdoe@example.com,Invalid Domain/No MX
Everon/Jacksonville,John Doe,jdoe@example.com,Invalid Domain/No MX
Control Systems/Tampa,John Doe,jdoe@example.com,Invalid Domain/No MX
Convergint Technologies/Tampa,John Doe,jdoe@example.com,Invalid Domain/No MX
JSC Systems/Orlando,John Doe,jdoe@example.com,Invalid Domain/No MX
Everon/Pensacola,John Doe,jdoe@example.com,Invalid Domain/No MX
Everon/Tampa,John Doe,jdoe@example.com,Invalid Domain/No MX
High Rise Fire Protection/Boca Raton,John Doe,jdoe@example.com,Invalid Domain/No MX
JSC Systems/Jacksonville,John Doe,jdoe@example.com,Invalid Domain/No MX
Engineering Systems Technology Inc,John Doe,jdoe@example.com,Invalid Domain/No MX
"Advanced Fire Protection Services, Inc",John Doe,jdoe@example.com,Invalid Domain/No MX
"Atech Fire & Security, Inc",John Doe,jdoe@example.com,Invalid Domain/No MX
JSC Systems/Tampa,John Doe,jdoe@example.com,Invalid Domain/No MX
"Fire Central Solutions, Inc",John Doe,jdoe@example.com,Invalid Domain/No MX
"Advanced Alarm Services, Inc",John Doe,jdoe@example.com,Invalid Domain/No MX
"Electronic Protection Systems, Inc",John Doe,jdoe@example.com,Invalid Domain/No MX
"FIRE-LINK Technologies, Inc",John Doe,jdoe@example.com,Invalid Domain/No MX
Century Fire Protection/Tampa Bay,John Doe,jdoe@example.com,Invalid Domain/No MX
"Genset Fire and Security, LLC ",John Doe,jdoe@example.com,Invalid Domain/No MX
Florida Alarm & Security Technologies,John Doe,jdoe@example.com,Invalid Domain/No MX
"Legnasys Technology, Inc",John Doe,jdoe@example.com,Invalid Domain/No MX
All Digital Technology,John Doe,jdoe@example.com,Invalid Domain/No MX
Ivanco Inc,John Doe,jdoe@example.com,Invalid Domain/No MX
"Milton J Wood Fire Protection, Inc",John Doe,jdoe@example.com,Invalid Domain/No MX
NuTech National,John Doe,jdoe@example.com,Invalid Domain/No MX
Integrated Security Systems,John Doe,jdoe@example.com,Invalid Domain/No MX
"Knight Fire & Security, Inc",John Doe,jdoe@example.com,Invalid Domain/No MX
Signature Systems of Florida,John Doe,jdoe@example.com,Invalid Domain/No MX
Miller Electric Company,John Doe,jdoe@example.com,Invalid Domain/No MX
Total Fire Protection of Michigan/Fort Myers,John Doe,jdoe@example.com,Invalid Domain/No MX
SAI Systems Inc,John Doe,jdoe@example.com,Invalid Domain/No MX
"Georgia-Florida Security & Fire, LLC",John Doe,jdoe@example.com,Invalid Domain/No MX
"T & T Fire Alarm and Electrical, LLC",John Doe,jdoe@example.com,Invalid Domain/No MX
"Protection Plus of the Florida Keys, Inc",John Doe,jdoe@example.com,Invalid Domain/No MX
"Archis, Inc",John Doe,jdoe@example.com,Invalid Domain/No MX
Summit Fire & Security/Vero Beach,John Doe,jdoe@example.com,Invalid Domain/No MX
Advance Security Group Enterprise,John Doe,jdoe@example.com,Invalid Domain/No MX
Everon/Savannah,John Doe,jdoe@example.com,Invalid Domain/No MX
Convergint Technologies/Atlanta,John Doe,jdoe@example.com,Invalid Domain/No MX
"Mann Fire & Security, LLC",John Doe,jdoe@example.com,Invalid Domain/No MX
Cana Communications,John Doe,jdoe@example.com,Invalid Domain/No MX
"Johnson Electronic Systems, Inc",John Doe,jdoe@example.com,Invalid Domain/No MX
Alexander Electric Company,John Doe,jdoe@example.com,Invalid Domain/No MX
"MetroPower, Inc",John Doe,jdoe@example.com,Invalid Domain/No MX
Cornerstone Security/Atlanta,John Doe,jdoe@example.com,Invalid Domain/No MX
"Ace Technologies, LLC",John Doe,jdoe@example.com,Invalid Domain/No MX
Fuller Fire & Safety,John Doe,jdoe@example.com,Invalid Domain/No MX
Alliance Fire Protection Services Inc,John Doe,jdoe@example.com,Invalid Domain/No MX
JSC Systems/Savannah,John Doe,jdoe@example.com,Invalid Domain/No MX
"Phoenix Pacific, Inc",John Doe,jdoe@example.com,Invalid Domain/No MX
Southern Signal,John Doe,jdoe@example.com,Invalid Domain/No MX
BTV Systems,John Doe,jdoe@example.com,Invalid Domain/No MX
"Esscoe, LLC",John Doe,jdoe@example.com,Invalid Domain/No MX
RedGuard Fire & Security/Georgia,John Doe,jdoe@example.com,Invalid Domain/No MX
Apex Integrated Security Solutions,John Doe,jdoe@example.com,Invalid Domain/No MX
Convergint Technologies/Chicago,John Doe,jdoe@example.com,Invalid Domain/No MX
FFF Protection/Boise,John Doe,jdoe@example.com,Invalid Domain/No MX
Island Signal and Sound Inc,John Doe,jdoe@example.com,Invalid Domain/No MX
Convergint Technologies/Peoria,John Doe,jdoe@example.com,Invalid Domain/No MX
Convergint Technologies/Boise,John Doe,jdoe@example.com,Invalid Domain/No MX
Everon/Lombard,John Doe,jdoe@example.com,Invalid Domain/No MX
Scutum/Peoria,John Doe,jdoe@example.com,Invalid Domain/No MX
"Audio Engineering, Inc",John Doe,jdoe@example.com,Invalid Domain/No MX
Alarm Detection Systems Inc,John Doe,jdoe@example.com,Invalid Domain/No MX
Shambaugh & Son/Champaign,John Doe,jdoe@example.com,Invalid Domain/No MX
"Reliable Fire Equipment, LLC",John Doe,jdoe@example.com,Invalid Domain/No MX
FFF Protection/St Maries,John Doe,jdoe@example.com,Invalid Domain/No MX
"Barcom Security, Inc",John Doe,jdoe@example.com,Invalid Domain/No MX
Scutum/Naperville,John Doe,jdoe@example.com,Invalid Domain/No MX
Everon/Fishers,John Doe,jdoe@example.com,Invalid Domain/No MX
ESCO Communications - Richmond,John Doe,jdoe@example.com,Invalid Domain/No MX
Shambaugh & Son/Fort Wayne,John Doe,jdoe@example.com,Invalid Domain/No MX
Control Systems/Indianapolis,John Doe,jdoe@example.com,Invalid Domain/No MX
New Era Technology Midwest,John Doe,jdoe@example.com,Invalid Domain/No MX
"United Systems, Inc",John Doe,jdoe@example.com,Invalid Domain/No MX
"ATN Technology, Inc",John Doe,jdoe@example.com,Invalid Domain/No MX
"LaMarCo Systems, Inc",John Doe,jdoe@example.com,Invalid Domain/No MX
Ryan Fireprotection/Noblesville,John Doe,jdoe@example.com,Invalid Domain/No MX
"Central Security & Communications, Inc",John Doe,jdoe@example.com,Invalid Domain/No MX
Midwest Security Solutions,John Doe,jdoe@example.com,Invalid Domain/No MX
Convergint Technologies/Des Moines,John Doe,jdoe@example.com,Invalid Domain/No MX
ESCO Communications - Fort Wayne,John Doe,jdoe@example.com,Invalid Domain/No MX
ESCO Communications - South Bend,John Doe,jdoe@example.com,Invalid Domain/No MX
Communications Engineering Company/Hiawatha,John Doe,jdoe@example.com,Invalid Domain/No MX
South Western Communications/Kansas City,John Doe,jdoe@example.com,Invalid Domain/No MX
Summit Fire Protection/Des Moines,John Doe,jdoe@example.com,Invalid Domain/No MX
Communications Engineering Company/Kansas City,John Doe,jdoe@example.com,Invalid Domain/No MX
F.E. Moran Fire Protection,John Doe,jdoe@example.com,Invalid Domain/No MX
Summit Fire Protection/Iowa City,John Doe,jdoe@example.com,Invalid Domain/No MX
"Keller Fire & Safety, Inc",John Doe,jdoe@example.com,Invalid Domain/No MX
Convergint Technologies/Louisville,John Doe,jdoe@example.com,Invalid Domain/No MX
Convergint Technologies/Lenexa,John Doe,jdoe@example.com,Invalid Domain/No MX
Newtech Systems/Ashland,John Doe,jdoe@example.com,Invalid Domain/No MX
"Delta Services, LLC",John Doe,jdoe@example.com,Invalid Domain/No MX
Everon/Louisville,John Doe,jdoe@example.com,Invalid Domain/No MX
Grot Incorporated,John Doe,jdoe@example.com,Invalid Domain/No MX
"Capital Technologies, LLC",John Doe,jdoe@example.com,Invalid Domain/No MX
Ryan Fireprotection/Louisville,John Doe,jdoe@example.com,Invalid Domain/No MX
Pye-Barker Fire & Safety/Bowling Green,John Doe,jdoe@example.com,Invalid Domain/No MX
"Koorsen Fire & Security, Inc",John Doe,jdoe@example.com,Invalid Domain/No MX
Convergint Technologies/Alexandria,John Doe,jdoe@example.com,Invalid Domain/No MX
"Amteck, LLC",John Doe,jdoe@example.com,Invalid Domain/No MX
Everon/New Orleans,John Doe,jdoe@example.com,Invalid Domain/No MX
Austin Fire Systems/Prairieville,John Doe,jdoe@example.com,Invalid Domain/No MX
Convergint Technologies/St Rose,John Doe,jdoe@example.com,Invalid Domain/No MX
Premier Fire & Security/Paducah,John Doe,jdoe@example.com,Invalid Domain/No MX
"United Automation, LLC",John Doe,jdoe@example.com,Invalid Domain/No MX
"Securance Technologies, LLC",John Doe,jdoe@example.com,Invalid Domain/No MX
"Allied Systems, Inc",John Doe,jdoe@example.com,Invalid Domain/No MX
Austin Fire Systems/Shreveport,John Doe,jdoe@example.com,Invalid Domain/No MX
Concept Electronics Inc,John Doe,jdoe@example.com,Invalid Domain/No MX
"Fire Tech Systems, Inc",John Doe,jdoe@example.com,Invalid Domain/No MX
ARK Systems/Delaware,John Doe,jdoe@example.com,Invalid Domain/No MX
Evotech/Alexandria,John Doe,jdoe@example.com,Invalid Domain/No MX
Evotech/Shreveport,John Doe,jdoe@example.com,Invalid Domain/No MX
"American Service Company, Inc",John Doe,jdoe@example.com,Invalid Domain/No MX
Tele-Plus Corporation/Hagerstown,John Doe,jdoe@example.com,Invalid Domain/No MX
Convergint Technologies/Boston,John Doe,jdoe@example.com,Invalid Domain/No MX
"ARK Systems, Inc",John Doe,jdoe@example.com,Invalid Domain/No MX
Everon/Boston,John Doe,jdoe@example.com,Invalid Domain/No MX
Fire Detection Systems,John Doe,jdoe@example.com,Invalid Domain/No MX
"BBS Tech, LLC",John Doe,jdoe@example.com,Invalid Domain/No MX
Fire Equipment Inc,John Doe,jdoe@example.com,Invalid Domain/No MX
"Mid Atlantic Time Equipment, Ltd",John Doe,jdoe@example.com,Invalid Domain/No MX
Pye-Barker Fire & Safety/Salisbury,John Doe,jdoe@example.com,Invalid Domain/No MX
Fire Equipment Inc ,John Doe,jdoe@example.com,Invalid Domain/No MX
Fire Equipment/Massachusetts,John Doe,jdoe@example.com,Invalid Domain/No MX
Fire Equipment Inc ,John Doe,jdoe@example.com,Invalid Domain/No MX
Encore Fire Protection/Massachusetts,John Doe,jdoe@example.com,Invalid Domain/No MX
Fire Equipment Inc ,John Doe,jdoe@example.com,Invalid Domain/No MX
Everon/Novi,John Doe,jdoe@example.com,Invalid Domain/No MX
"RedGuard Fire & Security, Inc",John Doe,jdoe@example.com,Invalid Domain/No MX
Riverside Integrated Systems Inc,John Doe,jdoe@example.com,Invalid Domain/No MX
"Carraway Fire & Life Safety Systems, LLC",John Doe,jdoe@example.com,Invalid Domain/No MX
APEX Integrations,John Doe,jdoe@example.com,Invalid Domain/No MX
Fire Equipment Inc ,John Doe,jdoe@example.com,Invalid Domain/No MX
Fire Equipment Inc,John Doe,jdoe@example.com,Invalid Domain/No MX
"Ferndale Electric Company, Inc",John Doe,jdoe@example.com,Invalid Domain/No MX
Electronic Safety Incorporated,John Doe,jdoe@example.com,Invalid Domain/No MX
"Lincoln Fire Protection, Inc",John Doe,jdoe@example.com,Invalid Domain/No MX
Summit Fire Protection/Muskegon,John Doe,jdoe@example.com,Invalid Domain/No MX
Summit Fire Protection/Traverse City ,John Doe,jdoe@example.com,Invalid Domain/No MX
Gallagher Fire Equipment Company,John Doe,jdoe@example.com,Invalid Domain/No MX
"Fire Alarm Service Team, LLC ",John Doe,jdoe@example.com,Invalid Domain/No MX
"All State Communications, LLC",John Doe,jdoe@example.com,Invalid Domain/No MX
"Superiorland Electronics, Inc",John Doe,jdoe@example.com,Invalid Domain/No MX
Summit Companies - Mt Pleasant,John Doe,jdoe@example.com,Invalid Domain/No MX
Electro Watchman/St Paul,John Doe,jdoe@example.com,Invalid Domain/No MX
Convergint Technologies/Fargo,John Doe,jdoe@example.com,Invalid Domain/No MX
CertaSite/Sterling Heights,John Doe,jdoe@example.com,Invalid Domain/No MX
ESC Systems,John Doe,jdoe@example.com,Invalid Domain/No MX
Ban-Koe Systems/Minneapolis,John Doe,jdoe@example.com,Invalid Domain/No MX
Total Fire & Security/Grand Rapids,John Doe,jdoe@example.com,Invalid Domain/No MX
Convergint Technologies/Minneapolis,John Doe,jdoe@example.com,Invalid Domain/No MX
Everon/Biloxi,John Doe,jdoe@example.com,Invalid Domain/No MX
Ban-Koe Systems/Wisconsin,John Doe,jdoe@example.com,Invalid Domain/No MX
Everon/Jackson,John Doe,jdoe@example.com,Invalid Domain/No MX
UHL Company,John Doe,jdoe@example.com,Invalid Domain/No MX
Control Service Company,John Doe,jdoe@example.com,Invalid Domain/No MX
Integrated Fire & Security Inc,John Doe,jdoe@example.com,Invalid Domain/No MX
Convergint Technologies/St Louis,John Doe,jdoe@example.com,Invalid Domain/No MX
American Burglary & Fire Inc,John Doe,jdoe@example.com,Invalid Domain/No MX
"Interface Security Systems, LLC",John Doe,jdoe@example.com,Invalid Domain/No MX
"B & E Communications, Inc",John Doe,jdoe@example.com,Invalid Domain/No MX
Convergint Technologies/Helena,John Doe,jdoe@example.com,Invalid Domain/No MX
Montana-Wyoming Systems,John Doe,jdoe@example.com,Invalid Domain/No MX
Summit Fire Protection/Omaha,John Doe,jdoe@example.com,Invalid Domain/No MX
Continental Alarm & Detection Company,John Doe,jdoe@example.com,Invalid Domain/No MX
Energize Electronics Inc,John Doe,jdoe@example.com,Invalid Domain/No MX
"Talon Technology Systems, LLC",John Doe,jdoe@example.com,Invalid Domain/No MX
Rex Moore Group/Nevada,John Doe,jdoe@example.com,Invalid Domain/No MX
Hyalite Safety Systems,John Doe,jdoe@example.com,Invalid Domain/No MX
"Fire Protection Services, LLC",John Doe,jdoe@example.com,Invalid Domain/No MX
Everon/New Jersey Metro,John Doe,jdoe@example.com,Invalid Domain/No MX
United Systems Fire & Security/Las Vegas,John Doe,jdoe@example.com,Invalid Domain/No MX
Impact Fire Services/Billings,John Doe,jdoe@example.com,Invalid Domain/No MX
Electronic Contracting Company,John Doe,jdoe@example.com,Invalid Domain/No MX
"R B Allen Company, Inc",John Doe,jdoe@example.com,Invalid Domain/No MX
"PowerComm Solutions, Inc",John Doe,jdoe@example.com,Invalid Domain/No MX
Summit Fire Protection of Lincoln,John Doe,jdoe@example.com,Invalid Domain/No MX
"SAFE Electronics, Inc",John Doe,jdoe@example.com,Invalid Domain/No MX
"AES Fire, LLC",John Doe,jdoe@example.com,Invalid Domain/No MX
Western States Fire Protection Co,John Doe,jdoe@example.com,Invalid Domain/No MX
Fire Equipment/New Hampshire,John Doe,jdoe@example.com,Invalid Domain/No MX
"Absolute Protective Systems, Inc",John Doe,jdoe@example.com,Invalid Domain/No MX
Avellino & Watson Fire Controls Inc,John Doe,jdoe@example.com,Invalid Domain/No MX
Johnson Controls/New York,John Doe,jdoe@example.com,Invalid Domain/No MX
Encore Fire Protection/Wall Township,John Doe,jdoe@example.com,Invalid Domain/No MX
Encore Fire Protection/Parsippany,John Doe,jdoe@example.com,Invalid Domain/No MX
"Landmark Fire Alarm, LLC",John Doe,jdoe@example.com,Invalid Domain/No MX
Everon/Albuquerque,John Doe,jdoe@example.com,Invalid Domain/No MX
Fire Safety Alarms Inc,John Doe,jdoe@example.com,Invalid Domain/No MX
"APIC Solutions, Inc",John Doe,jdoe@example.com,Invalid Domain/No MX
"Fire Security Technologies, Inc",John Doe,jdoe@example.com,Invalid Domain/No MX
Evernon/Albany,John Doe,jdoe@example.com,Invalid Domain/No MX
"United Federated Systems, Inc",John Doe,jdoe@example.com,Invalid Domain/No MX
"Metro Fire & Safety Equipment Company, Inc",John Doe,jdoe@example.com,Invalid Domain/No MX
Everon/New York City,John Doe,jdoe@example.com,Invalid Domain/No MX
"IntraWorks, Inc",John Doe,jdoe@example.com,Invalid Domain/No MX
PLTi - Satellite Office,John Doe,jdoe@example.com,Invalid Domain/No MX
"Powerline Technologies, Inc",John Doe,jdoe@example.com,Invalid Domain/No MX
Everon/Syracuse,John Doe,jdoe@example.com,Invalid Domain/No MX
Everon/Hawthorne,John Doe,jdoe@example.com,Invalid Domain/No MX
"Casey Fire Systems, Inc",John Doe,jdoe@example.com,Invalid Domain/No MX
"Briscoe Protective, LLC",John Doe,jdoe@example.com,Invalid Domain/No MX
Davis-Ulmer Sprinkler Co/Syracuse,John Doe,jdoe@example.com,Invalid Domain/No MX
"Fire Detection Systems, Inc",John Doe,jdoe@example.com,Invalid Domain/No MX
"Fire, Security & Sound Systems, Inc",John Doe,jdoe@example.com,Invalid Domain/No MX
Fire Safety Systems,John Doe,jdoe@example.com,Invalid Domain/No MX
Davis-Ulmer Sprinkler Co/Buffalo,John Doe,jdoe@example.com,Invalid Domain/No MX
Dynalec Corporation,John Doe,jdoe@example.com,Invalid Domain/No MX
"New York Fire Detection, Inc",John Doe,jdoe@example.com,Invalid Domain/No MX
High Rise Fire Protection Corporation,John Doe,jdoe@example.com,Invalid Domain/No MX
Casey Fire Systems/Hawthorne,John Doe,jdoe@example.com,Invalid Domain/No MX
Davis-Ulmer Sprinkler Co/Rochester,John Doe,jdoe@example.com,Invalid Domain/No MX
Madison Service Corp,John Doe,jdoe@example.com,Invalid Domain/No MX
Davis-Ulmer Sprinkler Co/Albany,John Doe,jdoe@example.com,Invalid Domain/No MX
TSS Integrated Systems,John Doe,jdoe@example.com,Invalid Domain/No MX
Imperial Products Center Inc,John Doe,jdoe@example.com,Invalid Domain/No MX
West Fire Systems Inc,John Doe,jdoe@example.com,Invalid Domain/No MX
"Open Systems Metro NY, Inc",John Doe,jdoe@example.com,Invalid Domain/No MX
DGA Security Systems Inc,John Doe,jdoe@example.com,Invalid Domain/No MX
"IRL Systems, Inc",John Doe,jdoe@example.com,Invalid Domain/No MX
Haynes Technologies,John Doe,jdoe@example.com,Invalid Domain/No MX
Total Fire Protection,John Doe,jdoe@example.com,Invalid Domain/No MX
Everon/Raleigh,John Doe,jdoe@example.com,Invalid Domain/No MX
"Technical Systems Group, Inc",John Doe,jdoe@example.com,Invalid Domain/No MX
"Carolina Safety & Sound, Inc",John Doe,jdoe@example.com,Invalid Domain/No MX
Schneider Electric Buildings Americas - Charlotte,John Doe,jdoe@example.com,Invalid Domain/No MX
Down East Protection Systems,John Doe,jdoe@example.com,Invalid Domain/No MX
"Schneider Electric Buildings Americas, Inc",John Doe,jdoe@example.com,Invalid Domain/No MX
"Keller's, LLC",John Doe,jdoe@example.com,Invalid Domain/No MX
Summit Fire & Security/Raleigh,John Doe,jdoe@example.com,Invalid Domain/No MX
"Pair Electronics Company, Inc",John Doe,jdoe@example.com,Invalid Domain/No MX
"Central Security Systems, Inc",John Doe,jdoe@example.com,Invalid Domain/No MX
Recore Life Safety Systems,John Doe,jdoe@example.com,Invalid Domain/No MX
Eagle Fire - Charlotte,John Doe,jdoe@example.com,Invalid Domain/No MX
Electro Watchman/Mandan,John Doe,jdoe@example.com,Invalid Domain/No MX
Electro Watchman/Fargo,John Doe,jdoe@example.com,Invalid Domain/No MX
"Alpha Fire & Security, Inc",John Doe,jdoe@example.com,Invalid Domain/No MX
Pavion Corp,John Doe,jdoe@example.com,Invalid Domain/No MX
"Coastal Security & Automation, LLC",John Doe,jdoe@example.com,Invalid Domain/No MX
Convergint Technologies/Charlotte,John Doe,jdoe@example.com,Invalid Domain/No MX
Convergint Technologies/Cleveland,John Doe,jdoe@example.com,Invalid Domain/No MX
Integrated Protection Services,John Doe,jdoe@example.com,Invalid Domain/No MX
Asset Protection Corporation Inc,John Doe,jdoe@example.com,Invalid Domain/No MX
Everon/Cincinnati,John Doe,jdoe@example.com,Invalid Domain/No MX
Convergint Technologies/Ohio,John Doe,jdoe@example.com,Invalid Domain/No MX
"Calcom, Inc",John Doe,jdoe@example.com,Invalid Domain/No MX
Integrated Protection Services,John Doe,jdoe@example.com,Invalid Domain/No MX
Dalmatian Fire,John Doe,jdoe@example.com,Invalid Domain/No MX
Cintas Fire Protection,John Doe,jdoe@example.com,Invalid Domain/No MX
Radi-O-Sound Communications,John Doe,jdoe@example.com,Invalid Domain/No MX
Pye-Barker Fire & Safety/Miamisburg,John Doe,jdoe@example.com,Invalid Domain/No MX
Ryan Fireprotection/Cincinnati,John Doe,jdoe@example.com,Invalid Domain/No MX
"Northwestern Ohio Security Systems, Inc",John Doe,jdoe@example.com,Invalid Domain/No MX
Silco Fire & Security,John Doe,jdoe@example.com,Invalid Domain/No MX
Garber Electrical Contractors,John Doe,jdoe@example.com,Invalid Domain/No MX
Southeast Security Corporation,John Doe,jdoe@example.com,Invalid Domain/No MX
Convergint Technologies/Oklahoma City,John Doe,jdoe@example.com,Invalid Domain/No MX
Everon/Oklahoma City,John Doe,jdoe@example.com,Invalid Domain/No MX
Sonitrol of SW Ohio,John Doe,jdoe@example.com,Invalid Domain/No MX
"Stryker Integrated Solutions, LLC",John Doe,jdoe@example.com,Invalid Domain/No MX
"S.A. Comunale Co, Inc",John Doe,jdoe@example.com,Invalid Domain/No MX
Convergint Technologies/Portland,John Doe,jdoe@example.com,Invalid Domain/No MX
"Matlock Security Services, Inc",John Doe,jdoe@example.com,Invalid Domain/No MX
Endex of Oklahoma Inc,John Doe,jdoe@example.com,Invalid Domain/No MX
Convergint Technologies/Eugene,John Doe,jdoe@example.com,Invalid Domain/No MX
"Elite Systems, Inc",John Doe,jdoe@example.com,Invalid Domain/No MX
SecureCom/Springfield,John Doe,jdoe@example.com,Invalid Domain/No MX
Convergint Technologies/Tulsa,John Doe,jdoe@example.com,Invalid Domain/No MX
Everon/Pittsburgh,John Doe,jdoe@example.com,Invalid Domain/No MX
Everon/Philadelphia Metro,John Doe,jdoe@example.com,Invalid Domain/No MX
"Valley Fire Control, LLC",John Doe,jdoe@example.com,Invalid Domain/No MX
Everon/Beaverton,John Doe,jdoe@example.com,Invalid Domain/No MX
Intelligent Electronic Systems LLC,John Doe,jdoe@example.com,Invalid Domain/No MX
Summit Fire & Security/Portland,John Doe,jdoe@example.com,Invalid Domain/No MX
"Eastern Time, Inc",John Doe,jdoe@example.com,Invalid Domain/No MX
"Electronic Security Solutions, LLC",John Doe,jdoe@example.com,Invalid Domain/No MX
Newtech Systems/Pittsburgh,John Doe,jdoe@example.com,Invalid Domain/No MX
Pye-Barker Fire & Safety/Lancaster,John Doe,jdoe@example.com,Invalid Domain/No MX
"The Wilkins Company, Inc",John Doe,jdoe@example.com,Invalid Domain/No MX
"Cholin Corp, Inc",John Doe,jdoe@example.com,Invalid Domain/No MX
The Wilkins Company/Pittsburgh,John Doe,jdoe@example.com,Invalid Domain/No MX
"Berkshire Systems Group, Inc",John Doe,jdoe@example.com,Invalid Domain/No MX
"Communication Systems, Inc",John Doe,jdoe@example.com,Invalid Domain/No MX
Park Security Systems,John Doe,jdoe@example.com,Invalid Domain/No MX
Smithmyer's Electronics Inc,John Doe,jdoe@example.com,Invalid Domain/No MX
Convergint Technologies/Charleston,John Doe,jdoe@example.com,Invalid Domain/No MX
"Empire Communication Systems, Inc",John Doe,jdoe@example.com,Invalid Domain/No MX
Encore Fire Protection/Rhode Island,John Doe,jdoe@example.com,Invalid Domain/No MX
Fire Equipment/Rhode Island,John Doe,jdoe@example.com,Invalid Domain/No MX
JSC Systems/Columbia,John Doe,jdoe@example.com,Invalid Domain/No MX
"Palmetto Fire Services, LLC",John Doe,jdoe@example.com,Invalid Domain/No MX
Convergint Technologies/Greenville,John Doe,jdoe@example.com,Invalid Domain/No MX
Pye-Barker Fire & Safety/Greenville,John Doe,jdoe@example.com,Invalid Domain/No MX
Eagle Fire/Charleston,John Doe,jdoe@example.com,Invalid Domain/No MX
Cornerstone Security/Charleston,John Doe,jdoe@example.com,Invalid Domain/No MX
"Security Technologies of the Palmetto, LLC",John Doe,jdoe@example.com,Invalid Domain/No MX
"Justice Fire & Safety, Inc",John Doe,jdoe@example.com,Invalid Domain/No MX
Ban-Koe Systems/Sioux Falls,John Doe,jdoe@example.com,Invalid Domain/No MX
"Amick Sound, Inc",John Doe,jdoe@example.com,Invalid Domain/No MX
Convergint Technologies/Nashville,John Doe,jdoe@example.com,Invalid Domain/No MX
Everon/Nashville,John Doe,jdoe@example.com,Invalid Domain/No MX
Beacon Communications/Rapid City,John Doe,jdoe@example.com,Invalid Domain/No MX
Convergint Technologies/Rapid City,John Doe,jdoe@example.com,Invalid Domain/No MX
Beacon Communications/Sioux Falls,John Doe,jdoe@example.com,Invalid Domain/No MX
State Systems/Memphis,John Doe,jdoe@example.com,Invalid Domain/No MX
Shambaugh & Son LP,John Doe,jdoe@example.com,Invalid Domain/No MX
Eagle Fire/Nashville,John Doe,jdoe@example.com,Invalid Domain/No MX
Building Systems Technology/Knoxville,John Doe,jdoe@example.com,Invalid Domain/No MX
Everon/Memphis,John Doe,jdoe@example.com,Invalid Domain/No MX
Control Systems/Austin,John Doe,jdoe@example.com,Invalid Domain/No MX
Convergint Technologies/Austin,John Doe,jdoe@example.com,Invalid Domain/No MX
Control Systems/Dallas,John Doe,jdoe@example.com,Invalid Domain/No MX
Convergint Technologies/Memphis,John Doe,jdoe@example.com,Invalid Domain/No MX
Integrated Protection Services/Nashville,John Doe,jdoe@example.com,Invalid Domain/No MX
Control Systems/San Antonio,John Doe,jdoe@example.com,Invalid Domain/No MX
Convergint Technologies/San Antonio,John Doe,jdoe@example.com,Invalid Domain/No MX
Convergint Technologies/Dallas,John Doe,jdoe@example.com,Invalid Domain/No MX
Convergint Technologies/Houston,John Doe,jdoe@example.com,Invalid Domain/No MX
South Western Communications/Nashville,John Doe,jdoe@example.com,Invalid Domain/No MX
Everon/Austin,John Doe,jdoe@example.com,Invalid Domain/No MX
Firetrol Protection Systems/Austin,John Doe,jdoe@example.com,Invalid Domain/No MX
Northstar Fire Protection of Texas/Austin,John Doe,jdoe@example.com,Invalid Domain/No MX
Convergint Technologies/Pflugerville,John Doe,jdoe@example.com,Invalid Domain/No MX
Northstar Fire Protection of Texas,John Doe,jdoe@example.com,Invalid Domain/No MX
Building Systems Technology/Chattanooga,John Doe,jdoe@example.com,Invalid Domain/No MX
Everon/San Antonio,John Doe,jdoe@example.com,Invalid Domain/No MX
Everon/Dallas,John Doe,jdoe@example.com,Invalid Domain/No MX
Alltronics Integrated Systems Inc,John Doe,jdoe@example.com,Invalid Domain/No MX
"Wilson Fire Equipment & Service Co, Inc",John Doe,jdoe@example.com,Invalid Domain/No MX
"Alarmtechs, Inc",John Doe,jdoe@example.com,Invalid Domain/No MX
1st Fire Protection Services/McAllen,John Doe,jdoe@example.com,Invalid Domain/No MX
Everon/Houston,John Doe,jdoe@example.com,Invalid Domain/No MX
"Central Alert, Inc",John Doe,jdoe@example.com,Invalid Domain/No MX
Audio-Video Corporation,John Doe,jdoe@example.com,Invalid Domain/No MX
Dantek Systems Inc,John Doe,jdoe@example.com,Invalid Domain/No MX
APIC Solutions/Texas,John Doe,jdoe@example.com,Invalid Domain/No MX
Austin Fire Systems/Houston,John Doe,jdoe@example.com,Invalid Domain/No MX
1st Fire Protection Services/San Antonio,John Doe,jdoe@example.com,Invalid Domain/No MX
"Circle Industries, Inc",John Doe,jdoe@example.com,Invalid Domain/No MX
Automatic Fire Protection/San Antonio,John Doe,jdoe@example.com,Invalid Domain/No MX
"DSS Fire, Inc",John Doe,jdoe@example.com,Invalid Domain/No MX
Commercial & Industrial Electronics Inc,John Doe,jdoe@example.com,Invalid Domain/No MX
"National Fire & Safety, Inc",John Doe,jdoe@example.com,Invalid Domain/No MX
Firetrol Protection Systems/San Antonio,John Doe,jdoe@example.com,Invalid Domain/No MX
Firetrol Protection Systems/Lubbock,John Doe,jdoe@example.com,Invalid Domain/No MX
"High Tech Low Volts, LLC",John Doe,jdoe@example.com,Invalid Domain/No MX
SafeGuard Fire,John Doe,jdoe@example.com,Invalid Domain/No MX
"Stag Fire Protection, LLC",John Doe,jdoe@example.com,Invalid Domain/No MX
Pavion/Dallas,John Doe,jdoe@example.com,Invalid Domain/No MX
DSC,John Doe,jdoe@example.com,Invalid Domain/No MX
Pavion/San Antonio,John Doe,jdoe@example.com,Invalid Domain/No MX
Summit Fire & Security/Houston,John Doe,jdoe@example.com,Invalid Domain/No MX
Security Operations Group/San Antonio,John Doe,jdoe@example.com,Invalid Domain/No MX
Security Operations Group/Dallas,John Doe,jdoe@example.com,Invalid Domain/No MX
Southwest Building Systems,John Doe,jdoe@example.com,Invalid Domain/No MX
"Classic Protection Systems, Inc",John Doe,jdoe@example.com,Invalid Domain/No MX
Systech,John Doe,jdoe@example.com,Invalid Domain/No MX
Automatic Fire Protection/Dallas,John Doe,jdoe@example.com,Invalid Domain/No MX
Convergint Technologies/Salt Lake City,John Doe,jdoe@example.com,Invalid Domain/No MX
"Universal Time Equipment Company, Inc",John Doe,jdoe@example.com,Invalid Domain/No MX
"State Fire DC Specialties, LLC",John Doe,jdoe@example.com,Invalid Domain/No MX
Automatic Fire Protection/San Angelo,John Doe,jdoe@example.com,Invalid Domain/No MX
Certified Fire Protection,John Doe,jdoe@example.com,Invalid Domain/No MX
"Black Fire & Security Services, LLC",John Doe,jdoe@example.com,Invalid Domain/No MX
Convergint Technologies/Northern Virginia,John Doe,jdoe@example.com,Invalid Domain/No MX
Summit Fire & Security/Salt Lake City,John Doe,jdoe@example.com,Invalid Domain/No MX
"Hawk Security Systems, Inc",John Doe,jdoe@example.com,Invalid Domain/No MX
"Spectrum West, Inc",John Doe,jdoe@example.com,Invalid Domain/No MX
IES Communications/Roanoke,John Doe,jdoe@example.com,Invalid Domain/No MX
Convergint Technologies/Richmond,John Doe,jdoe@example.com,Invalid Domain/No MX
"Dominion Fire and Security, LLC",John Doe,jdoe@example.com,Invalid Domain/No MX
Convergint Technologies/Seattle,John Doe,jdoe@example.com,Invalid Domain/No MX
Eagle Fire/Richmond,John Doe,jdoe@example.com,Invalid Domain/No MX
"Wasatch Electric, LLC",John Doe,jdoe@example.com,Invalid Domain/No MX
Everon/Virginia,John Doe,jdoe@example.com,Invalid Domain/No MX
Convergint Technologies/Eastern Washington,John Doe,jdoe@example.com,Invalid Domain/No MX
Convergint Technologies/Spokane,John Doe,jdoe@example.com,Invalid Domain/No MX
AROCK,John Doe,jdoe@example.com,Invalid Domain/No MX
Fire Systems West Inc,John Doe,jdoe@example.com,Invalid Domain/No MX
"Kegley Electric Company, LLC",John Doe,jdoe@example.com,Invalid Domain/No MX
"Columbia Fire, LLC",John Doe,jdoe@example.com,Invalid Domain/No MX
"GB Manchester, Inc",John Doe,jdoe@example.com,Invalid Domain/No MX
Summit Fire & Security/Spokane,John Doe,jdoe@example.com,Invalid Domain/No MX
Newtech Systems/Dunbar,John Doe,jdoe@example.com,Invalid Domain/No MX
Electronic Specialty Company,John Doe,jdoe@example.com,Invalid Domain/No MX
Chubb/Deer Branch,John Doe,jdoe@example.com,Invalid Domain/No MX
Chubb/Lethbridge,John Doe,jdoe@example.com,Invalid Domain/No MX
Chubb/Edmonton,John Doe,jdoe@example.com,Invalid Domain/No MX
"Rocky Mountain Fire Systems, Inc",John Doe,jdoe@example.com,Invalid Domain/No MX
Convergint Technologies/Edmonton,John Doe,jdoe@example.com,Invalid Domain/No MX
Chubb/Calgary,John Doe,jdoe@example.com,Invalid Domain/No MX
Tele-Plus Corporation/Winchester,John Doe,jdoe@example.com,Invalid Domain/No MX
Troy Life & Fire Safety Ltd/Calgary,John Doe,jdoe@example.com,Invalid Domain/No MX
Convergint Technologies/Lloydminster,John Doe,jdoe@example.com,Invalid Domain/No MX
Convergint Technologies/Lethbridge,John Doe,jdoe@example.com,Invalid Domain/No MX
Convergint Technologies Ltd,John Doe,jdoe@example.com,Invalid Domain/No MX
Chubb/Burnaby,John Doe,jdoe@example.com,Invalid Domain/No MX
Chubb/Kamloops,John Doe,jdoe@example.com,Invalid Domain/No MX
Chubb/Terrace,John Doe,jdoe@example.com,Invalid Domain/No MX
Troy Life & Fire Safety Ltd/Edmonton,John Doe,jdoe@example.com,Invalid Domain/No MX
Convergint Technologies/Fort McMurray,John Doe,jdoe@example.com,Invalid Domain/No MX
Chubb/Victoria,John Doe,jdoe@example.com,Invalid Domain/No MX
Troy Life & Fire Safety Ltd/Nanaimo,John Doe,jdoe@example.com,Invalid Domain/No MX
Troy Life & Fire Safety Ltd/Langley,John Doe,jdoe@example.com,Invalid Domain/No MX
Troy Life & Fire Safety Ltd/Victoria,John Doe,jdoe@example.com,Invalid Domain/No MX
Convergint Technologies/Vancouver,John Doe,jdoe@example.com,Invalid Domain/No MX
Convergint Technologies/Moncton,John Doe,jdoe@example.com,Invalid Domain/No MX
Chubb/Kelowna,John Doe,jdoe@example.com,Invalid Domain/No MX
Chubb/Winnipeg,John Doe,jdoe@example.com,Invalid Domain/No MX
Troy Life & Fire Safety Ltd/Winnipeg,John Doe,jdoe@example.com,Invalid Domain/No MX
Convergint Technologies/Winnipeg,John Doe,jdoe@example.com,Invalid Domain/No MX
Troy Life & Fire Safety Ltd/Kelowna,John Doe,jdoe@example.com,Invalid Domain/No MX
Convergint Technologies/Nova Scotia,John Doe,jdoe@example.com,Invalid Domain/No MX
Convergint Technologies/Newfoundland,John Doe,jdoe@example.com,Invalid Domain/No MX
Chubb/Barrie,John Doe,jdoe@example.com,Invalid Domain/No MX
Troy Life & Fire Safety Ltd/Dartmouth,John Doe,jdoe@example.com,Invalid Domain/No MX
Troy Life & Fire Safety Ltd/Moncton,John Doe,jdoe@example.com,Invalid Domain/No MX
Troy Life & Fire Safety Ltd/St. John's,John Doe,jdoe@example.com,Invalid Domain/No MX
Chubb/Halifax,John Doe,jdoe@example.com,Invalid Domain/No MX
Chubb/St John's,John Doe,jdoe@example.com,Invalid Domain/No MX
Chubb Fire & Security Canada Corp,John Doe,jdoe@example.com,Invalid Domain/No MX
Chubb/Waterloo,John Doe,jdoe@example.com,Invalid Domain/No MX
Chubb/Windsor,John Doe,jdoe@example.com,Invalid Domain/No MX
Chubb/Hamilton,John Doe,jdoe@example.com,Invalid Domain/No MX
Chubb/London,John Doe,jdoe@example.com,Invalid Domain/No MX
Chubb/Ottawa,John Doe,jdoe@example.com,Invalid Domain/No MX
Troy Life & Fire Safety Ltd/Barrie,John Doe,jdoe@example.com,Invalid Domain/No MX
Convergint Technologies/Windsor,John Doe,jdoe@example.com,Invalid Domain/No MX
Troy Life & Fire Safety Ltd,John Doe,jdoe@example.com,Invalid Domain/No MX
Convergint Technologies/Ottawa,John Doe,jdoe@example.com,Invalid Domain/No MX
Troy Life & Fire Safety Ltd/London,John Doe,jdoe@example.com,Invalid Domain/No MX
Convergint Technologies/Brantford,John Doe,jdoe@example.com,Invalid Domain/No MX
Troy Life & Fire Safety Ltd/Cambridge,John Doe,jdoe@example.com,Invalid Domain/No MX
Troy Life & Fire Safety Ltd/Sudbury,John Doe,jdoe@example.com,Invalid Domain/No MX
Troy Life & Fire Safety Ltd/Sault Ste. Marie,John Doe,jdoe@example.com,Invalid Domain/No MX
Troy Life & Fire Safety Ltd/Mississauga,John Doe,jdoe@example.com,Invalid Domain/No MX
Troy Life & Fire Safety Ltd/Grimsby,John Doe,jdoe@example.com,Invalid Domain/No MX
Troy Life & Fire Safety Ltd/Thunder Bay,John Doe,jdoe@example.com,Invalid Domain/No MX
Chubb/Sudbury,John Doe,jdoe@example.com,Invalid Domain/No MX
Troy Life & Fire Safety Ltd/Ottawa,John Doe,jdoe@example.com,Invalid Domain/No MX
Troy Life & Fire Safety Ltd/Kingston,John Doe,jdoe@example.com,Invalid Domain/No MX
Convergint Technologies/Toronto,John Doe,jdoe@example.com,Invalid Domain/No MX
Troy Life & Fire Safety Ltd/Timmins,John Doe,jdoe@example.com,Invalid Domain/No MX
Chubb/Montreal,John Doe,jdoe@example.com,Invalid Domain/No MX
Troy Life & Fire Safety Ltd/Windsor,John Doe,jdoe@example.com,Invalid Domain/No MX
Chubb/Quebec City,John Doe,jdoe@example.com,Invalid Domain/No MX
Troy Life & Fire Safety Ltd/Oshawa,John Doe,jdoe@example.com,Invalid Domain/No MX
Convergint Technologies/Quebec City,John Doe,jdoe@example.com,Invalid Domain/No MX
Convergint Technologies/Montreal,John Doe,jdoe@example.com,Invalid Domain/No MX
Troy Life & Fire Safety Ltd/Montreal,John Doe,jdoe@example.com,Invalid Domain/No MX
Chubb/Sherbrooke,John Doe,jdoe@example.com,Invalid Domain/No MX
Chubb/Saskatoon ,John Doe,jdoe@example.com,Invalid Domain/No MX
Troy Life & Fire Safety Ltd/Quebec City,John Doe,jdoe@example.com,Invalid Domain/No MX
Convergint Technologies/Regina,John Doe,jdoe@example.com,Invalid Domain/No MX
Chubb/Regina,John Doe,jdoe@example.com,Invalid Domain/No MX
Troy Life & Fire Safety Ltd/Regina,John Doe,jdoe@example.com,Invalid Domain/No MX
State Systems,Bob McBride,bmcbride@statesystems.com,Invalid Domain/No MX
Firetrol Protection Systems,Richard Felton,rfelton@firetrol.net,Unverifiable (SMTP Timeout/Blocked) - Domain Valid
IES Communications,Tom Emma,temma@iescomm.com,Unverifiable (SMTP Timeout/Blocked) - Domain Valid
"GMW Fire Protection, Inc",J. Todd Heesch,ToddHeesch@gmwfire.com,Unverifiable (SMTP Timeout/Blocked) - Domain Valid
"Southwest Integrated Solutions, Inc",John Gene Quijada,jquijada@swi-solutions.com,Unverifiable (SMTP Timeout/Blocked) - Domain Valid
Summit Fire Protection,Jeff Evrard,jevrard@summitfire.com,Unverifiable (SMTP Timeout/Blocked) - Domain Valid
Convergint Technologies,Ann Fandozzi,ann.fandozzi@convergint.com,Unverifiable (SMTP Timeout/Blocked) - Domain Valid
Bergelectric Corporation,Edward Billig,ebillig@bergelectric.com,Unverifiable (SMTP Timeout/Blocked) - Domain Valid
Convergint Technologies,Ann Fandozzi,ann.fandozzi@convergint.com,Unverifiable (SMTP Timeout/Blocked) - Domain Valid
Powerline Technologies,Mike Vidal,mike@plti.tech,Unverifiable (SMTP Timeout/Blocked) - Domain Valid
Everon,Don Young,don.young@everonsolutions.com,Unverifiable (SMTP Timeout/Blocked) - Domain Valid
Building Electronic Controls,Rick Taylor,manager@becinc.net,Unverifiable (SMTP Timeout/Blocked) - Domain Valid
Building Systems Technology / BST Solutions,Tony Lewis,tony@bst-solutions.com,Unverifiable (SMTP Timeout/Blocked) - Domain Valid
APIC Solutions,Jesse Pickard,jesse.pickard@apicmsi.com,Unverifiable (SMTP Timeout/Blocked) - Domain Valid
"Northern Support Services, Inc",Steve O'Hara,sohara@aknss.com,Unverifiable (SMTP Timeout/Blocked) - Domain Valid
"TRL Systems, Inc",Mark Purdy,mpurdy@trlsystems.com,Unverifiable (SMTP Timeout/Blocked) - Domain Valid
Building Systems Technology / Eagle Fire,Raymond Clarke,ray.clarke@eaglefire.com,Unverifiable (SMTP Timeout/Blocked) - Domain Valid
